form,root,pos,modification,,,,,,,,,
aMSayitvA,aMSa,gerund,,,,aMSayitvA,aMSa,,,,,gerund
aktvA,aYc,gerund,,,,aktvA,aYc,,,,,gerund
aktvA,aYj,gerund,,,,aktvA,aYj,,,,,gerund
agadyitvA,agada,gerund,,,,agadyitvA,agada,,,,,gerund
aGAyitvA,aGa,gerund,,,,aGAyitvA,aGa,,,,,gerund
aNkayitvA,aNka,gerund,,,,aNkayitvA,aNka,,,,,gerund
aNKayitvA,aNKa,gerund,,,,aNKayitvA,aNKa,,,,,gerund
aNgitvA,aNg,gerund,,,,aNgitvA,aNg,,,,,gerund
ajitvA,aj,gerund,,,,ajitvA,aj,,,,,gerund
ajirAyitvA,ajira,gerund,,,,ajirAyitvA,ajira,,,,,gerund
aYcayitvA,aYc,gerund,caus,,,aYcayitvA,aYc,,,,,gerund
aYcitvA,aYc,gerund,,,,aYcitvA,aYc,,,,,gerund
aYjayitvA,aYj,gerund,caus,,,aYjayitvA,aYj,,,,,gerund
aYjitvA,aYj,gerund,,,,aYjitvA,aYj,,,,,gerund
awitvA,aw,gerund,,,,awitvA,aw,,,,,gerund
atitvA,at,gerund,,,,atitvA,at,,,,,gerund
attvA,ad#1,gerund,,,,attvA,ad#1,,,,,gerund
aDvarIyitvA,aDvara,gerund,,,,aDvarIyitvA,aDvara,,,,,gerund
aDvaryitvA,aDvara,gerund,,,,aDvaryitvA,aDvara,,,,,gerund
anitvA,an#2,gerund,,,,anitvA,an#2,,,,,gerund
aninizitvA,an#2,gerund,desid,,,aninizitvA,an#2,,,,,gerund
anDayitvA,anDa,gerund,,,,anDayitvA,anDa,,,,,gerund
apsarAyitvA,apsaras,gerund,,,,apsarAyitvA,apsaras,,,,,gerund
aBrAyitvA,aBra,gerund,,,,aBrAyitvA,aBra,,,,,gerund
amitrayitvA,amitra,gerund,,,,amitrayitvA,amitra,,,,,gerund
amitvA,am,gerund,,,,amitvA,am,,,,,gerund
aririzitvA,f,gerund,desid,,,aririzitvA,f,,,,,gerund
arcayitvA,fc#1,gerund,caus,,,arcayitvA,fc#1,,,,,gerund
arcicizitvA,fc#1,gerund,desid,,,arcicizitvA,fc#1,,,,,gerund
arcitvA,fc#1,gerund,,,,arcitvA,fc#1,,,,,gerund
arjayitvA,fj,gerund,caus,,,arjayitvA,fj,,,,,gerund
arjitvA,fj,gerund,,,,arjitvA,fj,,,,,gerund
arTayitvA,arT,gerund,,,,arTayitvA,arT,,,,,gerund
arditvA,ard,gerund,,,,arditvA,ard,,,,,gerund
arDayitvA,fD,gerund,caus,,,arDayitvA,fD,,,,,gerund
arDitvA,fD,gerund,,,,arDitvA,fD,,,,,gerund
arpayitvA,f,gerund,caus,,,arpayitvA,f,,,,,gerund
arhayitvA,arh,gerund,caus,,,arhayitvA,arh,,,,,gerund
arhitvA,arh,gerund,,,,arhitvA,arh,,,,,gerund
avitvA,av,gerund,,,,avitvA,av,,,,,gerund
aSanAyitvA,aSana#2,gerund,,,,aSanAyitvA,aSana#2,,,,,gerund
aSanIyitvA,aSana#2,gerund,,,,aSanIyitvA,aSana#2,,,,,gerund
aSitvA,aS#1,gerund,,,,aSitvA,aS#1,,,,,gerund
aSitvA,aS#2,gerund,,,,aSitvA,aS#2,,,,,gerund
aSvasyitvA,aSva,gerund,,,,aSvasyitvA,aSva,,,,,gerund
aSvAyitvA,aSva,gerund,,,,aSvAyitvA,aSva,,,,,gerund
azwvA,aS#1,gerund,,,,azwvA,aS#1,,,,,gerund
asitvA,as#2,gerund,,,,asitvA,as#2,,,,,gerund
asUyitvA,asUya,gerund,,,,asUyitvA,asUya,,,,,gerund
astvA,as#2,gerund,,,,astvA,as#2,,,,,gerund
AkarRayitvA,AkarRa,gerund,,,,AkarRayitvA,AkarRa,,,,,gerund
AkulayitvA,Akula,gerund,,,,AkulayitvA,Akula,,,,,gerund
AdayitvA,ad#1,gerund,caus,,,AdayitvA,ad#1,,,,,gerund
AnayitvA,an#2,gerund,caus,,,AnayitvA,an#2,,,,,gerund
ApayitvA,Ap,gerund,caus,,,ApayitvA,Ap,,,,,gerund
AptvA,Ap,gerund,,,,AptvA,Ap,,,,,gerund
AmayitvA,am,gerund,caus,,,AmayitvA,am,,,,,gerund
AvayitvA,av,gerund,caus,,,AvayitvA,av,,,,,gerund
AvilayitvA,Avila,gerund,,,,AvilayitvA,Avila,,,,,gerund
ASayitvA,aS#2,gerund,caus,,,ASayitvA,aS#2,,,,,gerund
AsayitvA,As#2,gerund,caus,,,AsayitvA,As#2,,,,,gerund
AsayitvA,as#2,gerund,caus,,,AsayitvA,as#2,,,,,gerund
AsitvA,As#2,gerund,,,,AsitvA,As#2,,,,,gerund
iNgayitvA,iNg,gerund,caus,,,iNgayitvA,iNg,,,,,gerund
iNgitvA,iNg,gerund,,,,iNgitvA,iNg,,,,,gerund
itvA,i,gerund,,,,itvA,i,,,,,gerund
idDvA,inD,gerund,,,,idDvA,inD,,,,,gerund
intvA,in,gerund,,,,intvA,in,,,,,gerund
inditvA,ind,gerund,,,,inditvA,ind,,,,,gerund
invitvA,inv,gerund,,,,invitvA,inv,,,,,gerund
irasyitvA,iras,gerund,,,,irasyitvA,iras,,,,,gerund
ilayitvA,il,gerund,caus,,,ilayitvA,il,,,,,gerund
iltvA,il,gerund,,,,iltvA,il,,,,,gerund
izayitvA,iz#1,gerund,caus,,,izayitvA,iz#1,,,,,gerund
izayitvA,iz#2,gerund,caus,,,izayitvA,iz#2,,,,,gerund
izuDyitvA,izuDi,gerund,,,,izuDyitvA,izuDi,,,,,gerund
izwvA,iz#1,gerund,,,,izwvA,iz#1,,,,,gerund
izwvA,yaj#1,gerund,,,,izwvA,yaj#1,,,,,gerund
IkzitvA,Ikz,gerund,,,,IkzitvA,Ikz,,,,,gerund
INKayitvA,INK,gerund,caus,,,INKayitvA,INK,,,,,gerund
INKitvA,INK,gerund,,,,INKitvA,INK,,,,,gerund
IqitvA,Iq,gerund,,,,IqitvA,Iq,,,,,gerund
IpsitvA,Ap,gerund,desid,,,IpsitvA,Ap,,,,,gerund
IrayitvA,Ir,gerund,caus,,,IrayitvA,Ir,,,,,gerund
IritvA,Ir,gerund,,,,IritvA,Ir,,,,,gerund
IrzitvA,Irz,gerund,,,,IrzitvA,Irz,,,,,gerund
ISitvA,IS#1,gerund,,,,ISitvA,IS#1,,,,,gerund
IzitvA,Iz,gerund,,,,IzitvA,Iz,,,,,gerund
IhitvA,Ih,gerund,,,,IhitvA,Ih,,,,,gerund
uktvA,vac,gerund,,,,uktvA,vac,,,,,gerund
ukzitvA,ukz,gerund,,,,ukzitvA,ukz,,,,,gerund
ujJitvA,ujJ,gerund,,,,ujJitvA,ujJ,,,,,gerund
uYCitvA,uYC,gerund,,,,uYCitvA,uYC,,,,,gerund
utkaRWayitvA,utkaRW,gerund,caus,,,utkaRWayitvA,utkaRW,,,,,gerund
utkaRWitvA,utkaRW,gerund,,,,utkaRWitvA,utkaRW,,,,,gerund
uttvA,und,gerund,,,,uttvA,und,,,,,gerund
utvA,vA#3,gerund,,,,utvA,vA#3,,,,,gerund
udakIyitvA,udaka,gerund,,,,udakIyitvA,udaka,,,,,gerund
udanyitvA,udan,gerund,,,,udanyitvA,udan,,,,,gerund
uditvA,vad,gerund,,,,uditvA,vad,,,,,gerund
unttvA,und,gerund,,,,unttvA,und,,,,,gerund
unmanAyitvA,unmanas,gerund,,,,unmanAyitvA,unmanas,,,,,gerund
uptvA,vap#1,gerund,,,,uptvA,vap#1,,,,,gerund
uptvA,vap#2,gerund,,,,uptvA,vap#2,,,,,gerund
ubDvA,umB,gerund,,,,ubDvA,umB,,,,,gerund
umBitvA,umB,gerund,,,,umBitvA,umB,,,,,gerund
urasyitvA,uras,gerund,,,,urasyitvA,uras,,,,,gerund
uruzwvA,uruz,gerund,,,,uruzwvA,uruz,,,,,gerund
uzasyitvA,uzas,gerund,,,,uzasyitvA,uzas,,,,,gerund
uzitvA,vas#1,gerund,,,,uzitvA,vas#1,,,,,gerund
uzitvA,vas#4,gerund,,,,uzitvA,vas#4,,,,,gerund
uzwvA,uz,gerund,,,,uzwvA,uz,,,,,gerund
uzwvA,vas#1,gerund,,,,uzwvA,vas#1,,,,,gerund
uzwvA,vas#4,gerund,,,,uzwvA,vas#4,,,,,gerund
UQvA,Uh,gerund,,,,UQvA,Uh,,,,,gerund
UQvA,vah#1,gerund,,,,UQvA,vah#1,,,,,gerund
UtvA,vA#3,gerund,,,,UtvA,vA#3,,,,,gerund
UrjayitvA,Urj#1,gerund,caus,,,UrjayitvA,Urj#1,,,,,gerund
UzmAyitvA,Uzman,gerund,,,,UzmAyitvA,Uzman,,,,,gerund
UhitvA,Uh,gerund,,,,UhitvA,Uh,,,,,gerund
ftvA,f,gerund,,,,ftvA,f,,,,,gerund
fdDvA,fD,gerund,,,,fdDvA,fD,,,,,gerund
fzwvA,fz,gerund,,,,fzwvA,fz,,,,,gerund
ejayitvA,ej,gerund,caus,,,ejayitvA,ej,,,,,gerund
ejitvA,ej,gerund,,,,ejitvA,ej,,,,,gerund
eDayitvA,eD,gerund,caus,,,eDayitvA,eD,,,,,gerund
eDitvA,eD,gerund,,,,eDitvA,eD,,,,,gerund
elayitvA,il,gerund,caus,,,elayitvA,il,,,,,gerund
ezitvA,iz#1,gerund,,,,ezitvA,iz#1,,,,,gerund
ezitvA,iz#2,gerund,,,,ezitvA,iz#2,,,,,gerund
ocitvA,uc,gerund,,,,ocitvA,uc,,,,,gerund
kaRqayitvA,kaRq,gerund,,,,kaRqayitvA,kaRq,,,,,gerund
kaRqUyitvA,kaRqu,gerund,,,,kaRqUyitvA,kaRqu,,,,,gerund
kaRvAyitvA,kaRva,gerund,,,,kaRvAyitvA,kaRva,,,,,gerund
katTitvA,katT,gerund,,,,katTitvA,katT,,,,,gerund
kaTayitvA,kaT,gerund,,,,kaTayitvA,kaT,,,,,gerund
kadarTayitvA,kadarTa,gerund,,,,kadarTayitvA,kadarTa,,,,,gerund
kampayitvA,kamp,gerund,caus,,,kampayitvA,kamp,,,,,gerund
kampitvA,kamp,gerund,,,,kampitvA,kamp,,,,,gerund
karuRAyitvA,karuRa,gerund,,,,karuRAyitvA,karuRa,,,,,gerund
karRayitvA,karRa,gerund,,,,karRayitvA,karRa,,,,,gerund
kartrIyitvA,kartf,gerund,,,,kartrIyitvA,kartf,,,,,gerund
karpitvA,kfp,gerund,,,,karpitvA,kfp,,,,,gerund
karSayitvA,kfS,gerund,caus,,,karSayitvA,kfS,,,,,gerund
karSitvA,kfS,gerund,,,,karSitvA,kfS,,,,,gerund
karzayitvA,kfz,gerund,caus,,,karzayitvA,kfz,,,,,gerund
kalaNkayitvA,kalaNka,gerund,,,,kalaNkayitvA,kalaNka,,,,,gerund
kalayitvA,kal,gerund,,,,kalayitvA,kal,,,,,gerund
kalahAyitvA,kalaha,gerund,,,,kalahAyitvA,kalaha,,,,,gerund
kaluzayitvA,kaluza,gerund,,,,kaluzayitvA,kaluza,,,,,gerund
kaluzAyitvA,kaluza,gerund,,,,kaluzAyitvA,kaluza,,,,,gerund
kalpayitvA,kxp,gerund,caus,,,kalpayitvA,kxp,,,,,gerund
kavalayitvA,kavala,gerund,,,,kavalayitvA,kavala,,,,,gerund
kavIyitvA,kavi,gerund,,,,kavIyitvA,kavi,,,,,gerund
kazitvA,kaz,gerund,,,,kazitvA,kaz,,,,,gerund
kazwAyitvA,kazwa,gerund,,,,kazwAyitvA,kazwa,,,,,gerund
kasitvA,kas,gerund,,,,kasitvA,kas,,,,,gerund
kANkzitvA,kANkz,gerund,,,,kANkzitvA,kANkz,,,,,gerund
kAmayitvA,kam,gerund,caus,,,kAmayitvA,kam,,,,,gerund
kArayitvA,kf#1,gerund,caus,,,kArayitvA,kf#1,,,,,gerund
kAlayitvA,kal,gerund,caus,,,kAlayitvA,kal,,,,,gerund
kASayitvA,kAS,gerund,caus,,,kASayitvA,kAS,,,,,gerund
kASitvA,kAS,gerund,,,,kASitvA,kAS,,,,,gerund
kAzayitvA,kaz,gerund,caus,,,kAzayitvA,kaz,,,,,gerund
kAsayitvA,kas,gerund,caus,,,kAsayitvA,kas,,,,,gerund
kIrtayitvA,kIrt,gerund,,,,kIrtayitvA,kIrt,,,,,gerund
kIrtvA,kF,gerund,,,,kIrtvA,kF,,,,,gerund
kucitvA,kuc,gerund,,,,kucitvA,kuc,,,,,gerund
kuYcayitvA,kuc,gerund,caus,,,kuYcayitvA,kuc,,,,,gerund
kuYcitvA,kuc,gerund,,,,kuYcitvA,kuc,,,,,gerund
kuwwayitvA,kuwwa,gerund,,,,kuwwayitvA,kuwwa,,,,,gerund
kuwwvA,kuw,gerund,,,,kuwwvA,kuw,,,,,gerund
kuRWitvA,kuRW,gerund,,,,kuRWitvA,kuRW,,,,,gerund
kuRqayitvA,kuRq,gerund,caus,,,kuRqayitvA,kuRq,,,,,gerund
kuRqitvA,kuRq,gerund,,,,kuRqitvA,kuRq,,,,,gerund
kutsayitvA,kuts,gerund,,,,kutsayitvA,kuts,,,,,gerund
kutsitvA,kuts,gerund,,,,kutsitvA,kuts,,,,,gerund
kunTitvA,kunT,gerund,,,,kunTitvA,kunT,,,,,gerund
kupitvA,kup,gerund,,,,kupitvA,kup,,,,,gerund
kultvA,kul,gerund,,,,kultvA,kul,,,,,gerund
kusumayitvA,kusuma,gerund,,,,kusumayitvA,kusuma,,,,,gerund
kUjitvA,kUj,gerund,,,,kUjitvA,kUj,,,,,gerund
kUtvA,kU,gerund,,,,kUtvA,kU,,,,,gerund
kfcCrAyitvA,kfcCra,gerund,,,,kfcCrAyitvA,kfcCra,,,,,gerund
kfttvA,kft#1,gerund,,,,kfttvA,kft#1,,,,,gerund
kftvA,kf#1,gerund,,,,kftvA,kf#1,,,,,gerund
kfpayitvA,kfp,gerund,caus,,,kfpayitvA,kfp,,,,,gerund
kfptvA,kfp,gerund,,,,kfptvA,kfp,,,,,gerund
kfzwvA,kfz,gerund,,,,kfzwvA,kfz,,,,,gerund
kxptvA,kxp,gerund,,,,kxptvA,kxp,,,,,gerund
kelAyitvA,kelA,gerund,,,,kelAyitvA,kelA,,,,,gerund
kocitvA,kuc,gerund,,,,kocitvA,kuc,,,,,gerund
kopitvA,kup,gerund,,,,kopitvA,kup,,,,,gerund
kranditvA,krand,gerund,,,,kranditvA,krand,,,,,gerund
kramayitvA,kram,gerund,caus,,,kramayitvA,kram,,,,,gerund
kramitvA,kram,gerund,,,,kramitvA,kram,,,,,gerund
krAntvA,kram,gerund,,,,krAntvA,kram,,,,,gerund
krApayitvA,krI,gerund,caus,,,krApayitvA,krI,,,,,gerund
krAmayitvA,kram,gerund,caus,,,krAmayitvA,kram,,,,,gerund
krIqayitvA,krIq,gerund,caus,,,krIqayitvA,krIq,,,,,gerund
krIqitvA,krIq,gerund,,,,krIqitvA,krIq,,,,,gerund
krItvA,krI,gerund,,,,krItvA,krI,,,,,gerund
kruYcitvA,kruYc#1,gerund,,,,kruYcitvA,kruYc#1,,,,,gerund
krudDvA,kruD#1,gerund,,,,krudDvA,kruD#1,,,,,gerund
kruzwvA,kruS,gerund,,,,kruzwvA,kruS,,,,,gerund
kroDayitvA,kruD#1,gerund,caus,,,kroDayitvA,kruD#1,,,,,gerund
klantvA,klam,gerund,,,,klantvA,klam,,,,,gerund
klAmayitvA,klam,gerund,caus,,,klAmayitvA,klam,,,,,gerund
klintvA,klid,gerund,,,,klintvA,klid,,,,,gerund
kliSitvA,kliS,gerund,,,,kliSitvA,kliS,,,,,gerund
klizwvA,kliS,gerund,,,,klizwvA,kliS,,,,,gerund
klIbatvA,klIba,gerund,,,,klIbatvA,klIba,,,,,gerund
klIbAyitvA,klIba,gerund,,,,klIbAyitvA,klIba,,,,,gerund
kledayitvA,klid,gerund,caus,,,kledayitvA,klid,,,,,gerund
kleSayitvA,kliS,gerund,caus,,,kleSayitvA,kliS,,,,,gerund
kleSitvA,kliS,gerund,,,,kleSitvA,kliS,,,,,gerund
kvaTitvA,kvaT,gerund,,,,kvaTitvA,kvaT,,,,,gerund
kvATayitvA,kvaT,gerund,caus,,,kvATayitvA,kvaT,,,,,gerund
kzattvA,kzad,gerund,,,,kzattvA,kzad,,,,,gerund
kzatvA,kzan,gerund,,,,kzatvA,kzan,,,,,gerund
kzanitvA,kzan,gerund,,,,kzanitvA,kzan,,,,,gerund
kzapayitvA,kzI,gerund,caus,,,kzapayitvA,kzI,,,,,gerund
kzaptvA,kzap,gerund,,,,kzaptvA,kzap,,,,,gerund
kzamayitvA,kzam,gerund,caus,,,kzamayitvA,kzam,,,,,gerund
kzamitvA,kzam,gerund,,,,kzamitvA,kzam,,,,,gerund
kzaritvA,kzar,gerund,,,,kzaritvA,kzar,,,,,gerund
kzAntvA,kzam,gerund,,,,kzAntvA,kzam,,,,,gerund
kzAmayitvA,kzam,gerund,caus,,,kzAmayitvA,kzam,,,,,gerund
kzAlayitvA,kzal,gerund,caus,,,kzAlayitvA,kzal,,,,,gerund
kziptvA,kzip,gerund,,,,kziptvA,kzip,,,,,gerund
kzItvA,kzI,gerund,,,,kzItvA,kzI,,,,,gerund
kzItvA,kzi,gerund,,,,kzItvA,kzi,,,,,gerund
kzIrasyitvA,kzIra,gerund,,,,kzIrasyitvA,kzIra,,,,,gerund
kzuttvA,kzud,gerund,,,,kzuttvA,kzud,,,,,gerund
kzutvA,kzu,gerund,,,,kzutvA,kzu,,,,,gerund
kzuDitvA,kzuD#1,gerund,,,,kzuDitvA,kzuD#1,,,,,gerund
kzubDvA,kzuB,gerund,,,,kzubDvA,kzuB,,,,,gerund
kzuBitvA,kzuB,gerund,,,,kzuBitvA,kzuB,,,,,gerund
kzepayitvA,kzip,gerund,caus,,,kzepayitvA,kzip,,,,,gerund
kzoDitvA,kzuD#1,gerund,,,,kzoDitvA,kzuD#1,,,,,gerund
kzoBayitvA,kzuB,gerund,caus,,,kzoBayitvA,kzuB,,,,,gerund
kzoBitvA,kzuB,gerund,,,,kzoBitvA,kzuB,,,,,gerund
kzveqayitvA,kzviq,gerund,caus,,,kzveqayitvA,kzviq,,,,,gerund
kzveqitvA,kzviq,gerund,,,,kzveqitvA,kzviq,,,,,gerund
KaqayitvA,Kaqa,gerund,,,,KaqayitvA,Kaqa,,,,,gerund
KaRqayitvA,KaRqa,gerund,,,,KaRqayitvA,KaRqa,,,,,gerund
KanitvA,Kan,gerund,,,,KanitvA,Kan,,,,,gerund
KAtvA,Kan,gerund,,,,KAtvA,Kan,,,,,gerund
KAditvA,KAd,gerund,,,,KAditvA,KAd,,,,,gerund
KAnayitvA,Kan,gerund,caus,,,KAnayitvA,Kan,,,,,gerund
KintvA,Kid,gerund,,,,KintvA,Kid,,,,,gerund
KedayitvA,Kid,gerund,caus,,,KedayitvA,Kid,,,,,gerund
KelayitvA,Kel,gerund,caus,,,KelayitvA,Kel,,,,,gerund
KelAyitvA,Kela,gerund,,,,KelAyitvA,Kela,,,,,gerund
KeltvA,Kel,gerund,,,,KeltvA,Kel,,,,,gerund
KyAtvA,KyA,gerund,,,,KyAtvA,KyA,,,,,gerund
KyApayitvA,KyA,gerund,caus,,,KyApayitvA,KyA,,,,,gerund
gaktvA,gaj,gerund,,,,gaktvA,gaj,,,,,gerund
gaRayitvA,gaR,gerund,,,,gaRayitvA,gaR,,,,,gerund
gatvA,gam,gerund,,,,gatvA,gam,,,,,gerund
gadayitvA,gad,gerund,caus,,,gadayitvA,gad,,,,,gerund
gaditvA,gad,gerund,,,,gaditvA,gad,,,,,gerund
gadgadyitvA,gadgada,gerund,,,,gadgadyitvA,gadgada,,,,,gerund
gamayitvA,gam,gerund,caus,,,gamayitvA,gam,,,,,gerund
garjitvA,garj,gerund,,,,garjitvA,garj,,,,,gerund
garditvA,gard,gerund,,,,garditvA,gard,,,,,gerund
garDayitvA,gfD,gerund,caus,,,garDayitvA,gfD,,,,,gerund
garDitvA,gfD,gerund,,,,garDitvA,gfD,,,,,gerund
garvayitvA,garva,gerund,,,,garvayitvA,garva,,,,,gerund
garvAyitvA,garva,gerund,,,,garvAyitvA,garva,,,,,gerund
garhayitvA,garh,gerund,,,,garhayitvA,garh,,,,,gerund
garhitvA,garh,gerund,,,,garhitvA,garh,,,,,gerund
galitvA,gal,gerund,,,,galitvA,gal,,,,,gerund
galBitvA,galB,gerund,,,,galBitvA,galB,,,,,gerund
gavezayitvA,gavez,gerund,,,,gavezayitvA,gavez,,,,,gerund
gavezwvA,gavez,gerund,,,,gavezwvA,gavez,,,,,gerund
gavyitvA,go,gerund,,,,gavyitvA,go,,,,,gerund
gAQvA,gAh,gerund,,,,gAQvA,gAh,,,,,gerund
gAlayitvA,gal,gerund,caus,,,gAlayitvA,gal,,,,,gerund
gAhitvA,gAh,gerund,,,,gAhitvA,gAh,,,,,gerund
gItvA,gA#2,gerund,,,,gItvA,gA#2,,,,,gerund
gIrtvA,gF#1,gerund,,,,gIrtvA,gF#1,,,,,gerund
gIrtvA,gF#2,gerund,,,,gIrtvA,gF#2,,,,,gerund
guYjitvA,guYj,gerund,,,,guYjitvA,guYj,,,,,gerund
guRWayitvA,guRW,gerund,caus,,,guRWayitvA,guRW,,,,,gerund
gupayitvA,gup,gerund,,,,gupayitvA,gup,,,,,gerund
gumPitvA,gumP,gerund,,,,gumPitvA,gumP,,,,,gerund
gurtvA,gur,gerund,,,,gurtvA,gur,,,,,gerund
gUQvA,guh,gerund,,,,gUQvA,guh,,,,,gerund
gUhayitvA,guh,gerund,caus,,,gUhayitvA,guh,,,,,gerund
gUhitvA,guh,gerund,,,,gUhitvA,guh,,,,,gerund
gfdDvA,gfD,gerund,,,,gfdDvA,gfD,,,,,gerund
gfBItvA,grah,gerund,,,,gfBItvA,grah,,,,,gerund
gfhItvA,grah,gerund,,,,gfhItvA,grah,,,,,gerund
gopAyitvA,gopA,gerund,,,,gopAyitvA,gopA,,,,,gerund
granTitvA,granT,gerund,,,,granTitvA,granT,,,,,gerund
grasitvA,gras,gerund,,,,grasitvA,gras,,,,,gerund
grastvA,gras,gerund,,,,grastvA,gras,,,,,gerund
grAhayitvA,grah,gerund,caus,,,grAhayitvA,grah,,,,,gerund
glapayitvA,glE,gerund,caus,,,glapayitvA,glE,,,,,gerund
glAtvA,glE,gerund,,,,glAtvA,glE,,,,,gerund
GawayitvA,Gaw,gerund,caus,,,GawayitvA,Gaw,,,,,gerund
GawitvA,Gaw,gerund,,,,GawitvA,Gaw,,,,,gerund
GawwayitvA,Gaww,gerund,,,,GawwayitvA,Gaww,,,,,gerund
GawwitvA,Gaww,gerund,,,,GawwitvA,Gaww,,,,,gerund
GarzitvA,Gfz,gerund,,,,GarzitvA,Gfz,,,,,gerund
GAwayitvA,Gaw,gerund,caus,,,GAwayitvA,Gaw,,,,,gerund
GAtayitvA,han#1,gerund,caus,,,GAtayitvA,han#1,,,,,gerund
GuzitvA,Guz,gerund,,,,GuzitvA,Guz,,,,,gerund
GuzwvA,Guz,gerund,,,,GuzwvA,Guz,,,,,gerund
GUrRitvA,GUrR,gerund,,,,GUrRitvA,GUrR,,,,,gerund
GftvA,Gf,gerund,,,,GftvA,Gf,,,,,gerund
GfzwvA,Gfz,gerund,,,,GfzwvA,Gfz,,,,,gerund
GozayitvA,Guz,gerund,caus,,,GozayitvA,Guz,,,,,gerund
GozitvA,Guz,gerund,,,,GozitvA,Guz,,,,,gerund
GrAtvA,GrA,gerund,,,,GrAtvA,GrA,,,,,gerund
cakAstvA,cakAs,gerund,,,,cakAstvA,cakAs,,,,,gerund
caYcitvA,caYc,gerund,,,,caYcitvA,caYc,,,,,gerund
cawitvA,caw,gerund,,,,cawitvA,caw,,,,,gerund
cantvA,cam,gerund,,,,cantvA,cam,,,,,gerund
canditvA,cand,gerund,,,,canditvA,cand,,,,,gerund
capayitvA,ci,gerund,caus,,,capayitvA,ci,,,,,gerund
camitvA,cam,gerund,,,,camitvA,cam,,,,,gerund
cayayitvA,ci,gerund,caus,,,cayayitvA,ci,,,,,gerund
caritvA,car,gerund,,,,caritvA,car,,,,,gerund
carcayitvA,carca,gerund,,,,carcayitvA,carca,,,,,gerund
cartvA,car,gerund,,,,cartvA,car,,,,,gerund
calitvA,cal,gerund,,,,calitvA,cal,,,,,gerund
cazwvA,cakz,gerund,,,,cazwvA,cakz,,,,,gerund
cAtayitvA,cat,gerund,caus,,,cAtayitvA,cat,,,,,gerund
cApayitvA,ci,gerund,caus,,,cApayitvA,ci,,,,,gerund
cAyayitvA,ci,gerund,caus,,,cAyayitvA,ci,,,,,gerund
cArayitvA,car,gerund,caus,,,cArayitvA,car,,,,,gerund
cAlayitvA,cal,gerund,caus,,,cAlayitvA,cal,,,,,gerund
cikitsitvA,cit#1,gerund,desid,,,cikitsitvA,cit#1,,,,,gerund
cikIrzitvA,kf#1,gerund,desid,,,cikIrzitvA,kf#1,,,,,gerund
cikIzitvA,ci,gerund,desid,,,cikIzitvA,ci,,,,,gerund
cikrIzitvA,krI,gerund,desid,,,cikrIzitvA,krI,,,,,gerund
cicIzitvA,ci,gerund,desid,,,cicIzitvA,ci,,,,,gerund
cittvA,cit#1,gerund,,,,cittvA,cit#1,,,,,gerund
citrIyitvA,citra,gerund,,,,citrIyitvA,citra,,,,,gerund
citvA,ci,gerund,,,,citvA,ci,,,,,gerund
cintayitvA,cint,gerund,,,,cintayitvA,cint,,,,,gerund
cIrtvA,car,gerund,,,,cIrtvA,car,,,,,gerund
cukzUzitvA,kzu,gerund,desid,,,cukzUzitvA,kzu,,,,,gerund
cuditvA,cud,gerund,,,,cuditvA,cud,,,,,gerund
cumbitvA,cumb,gerund,,,,cumbitvA,cumb,,,,,gerund
curayitvA,cur,gerund,,,,curayitvA,cur,,,,,gerund
cUrRayitvA,cUrRa,gerund,,,,cUrRayitvA,cUrRa,,,,,gerund
cUzwvA,cUz,gerund,,,,cUzwvA,cUz,,,,,gerund
cetayitvA,cit#1,gerund,caus,,,cetayitvA,cit#1,,,,,gerund
cezwayitvA,cezw,gerund,caus,,,cezwayitvA,cezw,,,,,gerund
cezwitvA,cezw,gerund,,,,cezwitvA,cezw,,,,,gerund
codayitvA,cud,gerund,caus,,,codayitvA,cud,,,,,gerund
coditvA,cud,gerund,,,,coditvA,cud,,,,,gerund
copayitvA,kup,gerund,caus,,,copayitvA,kup,,,,,gerund
cyutvA,cyu,gerund,,,,cyutvA,cyu,,,,,gerund
CattvA,Cad#1,gerund,,,,CattvA,Cad#1,,,,,gerund
CandayitvA,Cand,gerund,caus,,,CandayitvA,Cand,,,,,gerund
CanditvA,Cand,gerund,,,,CanditvA,Cand,,,,,gerund
CalayitvA,Cala,gerund,,,,CalayitvA,Cala,,,,,gerund
CAdayitvA,Cad#1,gerund,caus,,,CAdayitvA,Cad#1,,,,,gerund
CittvA,Cid#1,gerund,,,,CittvA,Cid#1,,,,,gerund
CidrayitvA,Cidra,gerund,,,,CidrayitvA,Cidra,,,,,gerund
CurayitvA,Cur,gerund,caus,,,CurayitvA,Cur,,,,,gerund
CedayitvA,Cid#1,gerund,caus,,,CedayitvA,Cid#1,,,,,gerund
jagDvA,jakz,gerund,,,,jagDvA,jakz,,,,,gerund
janayitvA,jan,gerund,caus,,,janayitvA,jan,,,,,gerund
jantvA,jam,gerund,,,,jantvA,jam,,,,,gerund
japtvA,jap,gerund,,,,japtvA,jap,,,,,gerund
jabDvA,jaB#1,gerund,,,,jabDvA,jaB#1,,,,,gerund
jabDvA,jaB#2,gerund,,,,jabDvA,jaB#2,,,,,gerund
jamitvA,jam,gerund,,,,jamitvA,jam,,,,,gerund
jarayitvA,jF,gerund,caus,,,jarayitvA,jF,,,,,gerund
jalAyitvA,jala,gerund,,,,jalAyitvA,jala,,,,,gerund
jalpitvA,jalp,gerund,,,,jalpitvA,jalp,,,,,gerund
jasitvA,jas,gerund,,,,jasitvA,jas,,,,,gerund
jastvA,jas,gerund,,,,jastvA,jas,,,,,gerund
jAgarayitvA,jAgf,gerund,caus,,,jAgarayitvA,jAgf,,,,,gerund
jAgaritvA,jAgf,gerund,,,,jAgaritvA,jAgf,,,,,gerund
jAtvA,jan,gerund,,,,jAtvA,jan,,,,,gerund
jApayitvA,ji,gerund,caus,,,jApayitvA,ji,,,,,gerund
jAsayitvA,jas,gerund,caus,,,jAsayitvA,jas,,,,,gerund
jigadizitvA,gad,gerund,desid,,,jigadizitvA,gad,,,,,gerund
jigamizitvA,gam,gerund,desid,,,jigamizitvA,gam,,,,,gerund
jigIzitvA,ji,gerund,desid,,,jigIzitvA,ji,,,,,gerund
jiGAMsitvA,han#1,gerund,desid,,,jiGAMsitvA,han#1,,,,,gerund
jiGfkzitvA,grah,gerund,desid,,,jiGfkzitvA,grah,,,,,gerund
jijIvizitvA,jIv,gerund,desid,,,jijIvizitvA,jIv,,,,,gerund
jijYAsitvA,jYA#1,gerund,desid,,,jijYAsitvA,jYA#1,,,,,gerund
jitvA,ji,gerund,,,,jitvA,ji,,,,,gerund
jinvitvA,jinv,gerund,,,,jinvitvA,jinv,,,,,gerund
jihIrzitvA,hf#1,gerund,desid,,,jihIrzitvA,hf#1,,,,,gerund
jItvA,jyA#1,gerund,,,,jItvA,jyA#1,,,,,gerund
jIrtvA,jF,gerund,,,,jIrtvA,jF,,,,,gerund
jIvitvA,jIv,gerund,,,,jIvitvA,jIv,,,,,gerund
jugupsitvA,gup,gerund,desid,,,jugupsitvA,gup,,,,,gerund
juzwvA,juz#1,gerund,,,,juzwvA,juz#1,,,,,gerund
juhUzitvA,hu,gerund,desid,,,juhUzitvA,hu,,,,,gerund
jUtvA,jU,gerund,,,,jUtvA,jU,,,,,gerund
jfmBitvA,jfmB,gerund,,,,jfmBitvA,jfmB,,,,,gerund
jozayitvA,juz#1,gerund,caus,,,jozayitvA,juz#1,,,,,gerund
jYapayitvA,jYA#1,gerund,caus,,,jYapayitvA,jYA#1,,,,,gerund
jYapitvA,jYA#1,gerund,caus,,,jYapitvA,jYA#1,,,,,gerund
jYAtvA,jYA#1,gerund,,,,jYAtvA,jYA#1,,,,,gerund
jYApayitvA,jYA#1,gerund,caus,,,jYApayitvA,jYA#1,,,,,gerund
jyuttvA,jyut,gerund,,,,jyuttvA,jyut,,,,,gerund
jyotayitvA,jyut,gerund,caus,,,jyotayitvA,jyut,,,,,gerund
jvartvA,jvar,gerund,,,,jvartvA,jvar,,,,,gerund
jvalayitvA,jval,gerund,caus,,,jvalayitvA,jval,,,,,gerund
jvalitvA,jval,gerund,,,,jvalitvA,jval,,,,,gerund
qambayitvA,qamb,gerund,,,,qambayitvA,qamb,,,,,gerund
qItvA,qI,gerund,,,,qItvA,qI,,,,,gerund
taktvA,tak,gerund,,,,taktvA,tak,,,,,gerund
taktvA,taYc,gerund,,,,taktvA,taYc,,,,,gerund
takzitvA,takz,gerund,,,,takzitvA,takz,,,,,gerund
taYcitvA,taYc,gerund,,,,taYcitvA,taYc,,,,,gerund
tatvA,tan#1,gerund,,,,tatvA,tan#1,,,,,gerund
tanitvA,tan#1,gerund,,,,tanitvA,tan#1,,,,,gerund
tantrayitvA,tantra,gerund,,,,tantrayitvA,tantra,,,,,gerund
tantvA,tan#2,gerund,,,,tantvA,tan#2,,,,,gerund
tantvA,tam,gerund,,,,tantvA,tam,,,,,gerund
tandrayitvA,tandr,gerund,,,,tandrayitvA,tandr,,,,,gerund
tapasyitvA,tapas,gerund,,,,tapasyitvA,tapas,,,,,gerund
tapitvA,tap,gerund,,,,tapitvA,tap,,,,,gerund
taptvA,tap,gerund,,,,taptvA,tap,,,,,gerund
tamitvA,tam,gerund,,,,tamitvA,tam,,,,,gerund
taruRayitvA,taruRa,gerund,,,,taruRayitvA,taruRa,,,,,gerund
taruRAyitvA,taruRa,gerund,,,,taruRAyitvA,taruRa,,,,,gerund
tarkayitvA,tark,gerund,,,,tarkayitvA,tark,,,,,gerund
tarjayitvA,tarj,gerund,caus,,,tarjayitvA,tarj,,,,,gerund
tarjitvA,tarj,gerund,,,,tarjitvA,tarj,,,,,gerund
tarpayitvA,tfp#1,gerund,caus,,,tarpayitvA,tfp#1,,,,,gerund
tarzitvA,tfz,gerund,,,,tarzitvA,tfz,,,,,gerund
tavizIyitvA,taviza,gerund,,,,tavizIyitvA,taviza,,,,,gerund
tazwvA,takz,gerund,,,,tazwvA,takz,,,,,gerund
tAqayitvA,taq,gerund,caus,,,tAqayitvA,taq,,,,,gerund
tApayitvA,tap,gerund,caus,,,tApayitvA,tap,,,,,gerund
tArayitvA,tF,gerund,caus,,,tArayitvA,tF,,,,,gerund
tiktvA,tij,gerund,,,,tiktvA,tij,,,,,gerund
titikzitvA,tij,gerund,desid,,,titikzitvA,tij,,,,,gerund
titIrzitvA,tF,gerund,desid,,,titIrzitvA,tF,,,,,gerund
tirasyitvA,tiras,gerund,,,,tirasyitvA,tiras,,,,,gerund
tIrtvA,tF,gerund,,,,tIrtvA,tF,,,,,gerund
tuttvA,tud#1,gerund,,,,tuttvA,tud#1,,,,,gerund
tuptvA,tup,gerund,,,,tuptvA,tup,,,,,gerund
tulayitvA,tul,gerund,,,,tulayitvA,tul,,,,,gerund
tuzwUzitvA,stu,gerund,desid,,,tuzwUzitvA,stu,,,,,gerund
tuzwvA,tuz,gerund,,,,tuzwvA,tuz,,,,,gerund
tuhinayitvA,tuhina,gerund,,,,tuhinayitvA,tuhina,,,,,gerund
tUrtvA,tvar,gerund,,,,tUrtvA,tvar,,,,,gerund
tfttvA,tfd,gerund,,,,tfttvA,tfd,,,,,gerund
tfptvA,tfp#1,gerund,,,,tfptvA,tfp#1,,,,,gerund
tejayitvA,tij,gerund,caus,,,tejayitvA,tij,,,,,gerund
tozayitvA,tuz,gerund,caus,,,tozayitvA,tuz,,,,,gerund
tyaktvA,tyaj#1,gerund,,,,tyaktvA,tyaj#1,,,,,gerund
tyAjayitvA,tyaj#1,gerund,caus,,,tyAjayitvA,tyaj#1,,,,,gerund
trapayitvA,trap,gerund,caus,,,trapayitvA,trap,,,,,gerund
trapitvA,trap,gerund,,,,trapitvA,trap,,,,,gerund
traptvA,trap,gerund,,,,traptvA,trap,,,,,gerund
trastvA,tras,gerund,,,,trastvA,tras,,,,,gerund
trAtvA,trE,gerund,,,,trAtvA,trE,,,,,gerund
trAsayitvA,tras,gerund,caus,,,trAsayitvA,tras,,,,,gerund
truwitvA,truw,gerund,,,,truwitvA,truw,,,,,gerund
trowayitvA,truw,gerund,caus,,,trowayitvA,truw,,,,,gerund
trowitvA,truw,gerund,,,,trowitvA,truw,,,,,gerund
tvakzitvA,tvakz,gerund,,,,tvakzitvA,tvakz,,,,,gerund
tvarayitvA,tvar,gerund,caus,,,tvarayitvA,tvar,,,,,gerund
tvaritvA,tvar,gerund,,,,tvaritvA,tvar,,,,,gerund
tvazwvA,tvakz,gerund,,,,tvazwvA,tvakz,,,,,gerund
tvizitvA,tviz#1,gerund,,,,tvizitvA,tviz#1,,,,,gerund
tvezitvA,tviz#1,gerund,,,,tvezitvA,tviz#1,,,,,gerund
tsartvA,tsar,gerund,,,,tsartvA,tsar,,,,,gerund
daMSitvA,daMS,gerund,,,,daMSitvA,daMS,,,,,gerund
dakzitvA,dakz,gerund,,,,dakzitvA,dakz,,,,,gerund
dagDvA,daG,gerund,,,,dagDvA,daG,,,,,gerund
dagDvA,dah#1,gerund,,,,dagDvA,dah#1,,,,,gerund
daRqayitvA,daRqa,gerund,,,,daRqayitvA,daRqa,,,,,gerund
dattvA,dA#1,gerund,,,,dattvA,dA#1,,,,,gerund
dabDvA,daB,gerund,,,,dabDvA,daB,,,,,gerund
damayitvA,dam#1,gerund,caus,,,damayitvA,dam#1,,,,,gerund
damitvA,dam#1,gerund,,,,damitvA,dam#1,,,,,gerund
dayitvA,day,gerund,,,,dayitvA,day,,,,,gerund
darpayitvA,dfp,gerund,caus,,,darpayitvA,dfp,,,,,gerund
darpitvA,dfp,gerund,,,,darpitvA,dfp,,,,,gerund
darBayitvA,dfB,gerund,caus,,,darBayitvA,dfB,,,,,gerund
darSayitvA,dfS#1,gerund,caus,,,darSayitvA,dfS#1,,,,,gerund
dalitvA,dal,gerund,,,,dalitvA,dal,,,,,gerund
dasitvA,das,gerund,,,,dasitvA,das,,,,,gerund
dastvA,das,gerund,,,,dastvA,das,,,,,gerund
dAntvA,dam#1,gerund,,,,dAntvA,dam#1,,,,,gerund
dApayitvA,dA#1,gerund,caus,,,dApayitvA,dA#1,,,,,gerund
dArayitvA,dF,gerund,caus,,,dArayitvA,dF,,,,,gerund
dAvayitvA,du,gerund,caus,,,dAvayitvA,du,,,,,gerund
dASayitvA,dAS#1,gerund,caus,,,dASayitvA,dAS#1,,,,,gerund
dAzwvA,dAS#1,gerund,,,,dAzwvA,dAS#1,,,,,gerund
dAsayitvA,das,gerund,caus,,,dAsayitvA,das,,,,,gerund
dAhayitvA,dah#1,gerund,caus,,,dAhayitvA,dah#1,,,,,gerund
digDvA,dih,gerund,,,,digDvA,dih,,,,,gerund
ditvA,dA#2,gerund,,,,ditvA,dA#2,,,,,gerund
ditsitvA,dA#1,gerund,desid,,,ditsitvA,dA#1,,,,,gerund
didikzitvA,diS#1,gerund,desid,,,didikzitvA,diS#1,,,,,gerund
didfkzitvA,dfS#1,gerund,desid,,,didfkzitvA,dfS#1,,,,,gerund
diDizitvA,DA#1,gerund,desid,,,diDizitvA,DA#1,,,,,gerund
diDyAsitvA,DyA,gerund,desid,,,diDyAsitvA,DyA,,,,,gerund
dizwvA,diS#1,gerund,,,,dizwvA,diS#1,,,,,gerund
dIkzayitvA,dIkz,gerund,caus,,,dIkzayitvA,dIkz,,,,,gerund
dIkzitvA,dIkz,gerund,,,,dIkzitvA,dIkz,,,,,gerund
dItvA,dA#3,gerund,,,,dItvA,dA#3,,,,,gerund
dIpayitvA,dIp,gerund,caus,,,dIpayitvA,dIp,,,,,gerund
dIptvA,dIp,gerund,,,,dIptvA,dIp,,,,,gerund
dIrtvA,dF,gerund,,,,dIrtvA,dF,,,,,gerund
dIvitvA,dIv#1,gerund,,,,dIvitvA,dIv#1,,,,,gerund
duHKyitvA,duHKa,gerund,,,,duHKyitvA,duHKa,,,,,gerund
dugDvA,duh#1,gerund,,,,dugDvA,duh#1,,,,,gerund
dutvA,du,gerund,,,,dutvA,du,,,,,gerund
dudUzitvA,du,gerund,desid,,,dudUzitvA,du,,,,,gerund
dudrUzitvA,dru#1,gerund,desid,,,dudrUzitvA,dru#1,,,,,gerund
duDukzitvA,duh#1,gerund,desid,,,duDukzitvA,duh#1,,,,,gerund
durdinAyitvA,durdina,gerund,,,,durdinAyitvA,durdina,,,,,gerund
duzwvA,duz,gerund,,,,duzwvA,duz,,,,,gerund
dUzayitvA,duz,gerund,caus,,,dUzayitvA,duz,,,,,gerund
dfQvA,dfh,gerund,,,,dfQvA,dfh,,,,,gerund
dfptvA,dfp,gerund,,,,dfptvA,dfp,,,,,gerund
dfbDvA,dfB,gerund,,,,dfbDvA,dfB,,,,,gerund
dfzwvA,dfS#1,gerund,,,,dfzwvA,dfS#1,,,,,gerund
devayitvA,deva,gerund,,,,devayitvA,deva,,,,,gerund
devayitvA,dev,gerund,caus,,,devayitvA,dev,,,,,gerund
devayitvA,dIv#1,gerund,caus,,,devayitvA,dIv#1,,,,,gerund
devtvA,dev,gerund,,,,devtvA,dev,,,,,gerund
deSayitvA,diS#1,gerund,caus,,,deSayitvA,diS#1,,,,,gerund
dehayitvA,dih,gerund,caus,,,dehayitvA,dih,,,,,gerund
dolayitvA,dola,gerund,,,,dolayitvA,dola,,,,,gerund
dohayitvA,duh#1,gerund,caus,,,dohayitvA,duh#1,,,,,gerund
dyutitvA,dyut#1,gerund,,,,dyutitvA,dyut#1,,,,,gerund
dyuttvA,dyut#1,gerund,,,,dyuttvA,dyut#1,,,,,gerund
dyUtvA,dIv#1,gerund,,,,dyUtvA,dIv#1,,,,,gerund
dyotayitvA,dyut#1,gerund,caus,,,dyotayitvA,dyut#1,,,,,gerund
dyotitvA,dyut#1,gerund,,,,dyotitvA,dyut#1,,,,,gerund
drAtvA,drA#1,gerund,,,,drAtvA,drA#1,,,,,gerund
drAtvA,drA#2,gerund,,,,drAtvA,drA#2,,,,,gerund
drApayitvA,drA#1,gerund,caus,,,drApayitvA,drA#1,,,,,gerund
drArayitvA,druh#1,gerund,caus,,,drArayitvA,druh#1,,,,,gerund
drAvayitvA,dru#1,gerund,caus,,,drAvayitvA,dru#1,,,,,gerund
drugDvA,druh#1,gerund,,,,drugDvA,druh#1,,,,,gerund
drutvA,dru#1,gerund,,,,drutvA,dru#1,,,,,gerund
druhitvA,druh#1,gerund,,,,druhitvA,druh#1,,,,,gerund
drUQvA,druh#1,gerund,,,,drUQvA,druh#1,,,,,gerund
drohitvA,druh#1,gerund,,,,drohitvA,druh#1,,,,,gerund
dvizwvA,dviz#1,gerund,,,,dvizwvA,dviz#1,,,,,gerund
DanAyitvA,Dana,gerund,,,,DanAyitvA,Dana,,,,,gerund
DanIyitvA,Dana,gerund,,,,DanIyitvA,Dana,,,,,gerund
DarzayitvA,Dfz,gerund,caus,,,DarzayitvA,Dfz,,,,,gerund
DarzitvA,Dfz,gerund,,,,DarzitvA,Dfz,,,,,gerund
DApayitvA,DA#1,gerund,caus,,,DApayitvA,DA#1,,,,,gerund
DArayitvA,Df,gerund,caus,,,DArayitvA,Df,,,,,gerund
DAvitvA,DAv#1,gerund,,,,DAvitvA,DAv#1,,,,,gerund
DAvtvA,DAv#1,gerund,,,,DAvtvA,DAv#1,,,,,gerund
DitvA,DA#1,gerund,,,,DitvA,DA#1,,,,,gerund
DitsitvA,DA#1,gerund,desid,,,DitsitvA,DA#1,,,,,gerund
DItvA,DI#1,gerund,,,,DItvA,DI#1,,,,,gerund
DItvA,DA#2,gerund,,,,DItvA,DA#2,,,,,gerund
DIrayitvA,DIra#1,gerund,,,,DIrayitvA,DIra#1,,,,,gerund
DukzayitvA,Dukz,gerund,caus,,,DukzayitvA,Dukz,,,,,gerund
DukzitvA,Dukz,gerund,,,,DukzitvA,Dukz,,,,,gerund
DutvA,DU#1,gerund,,,,DutvA,DU#1,,,,,gerund
DUtvA,DU#1,gerund,,,,DUtvA,DU#1,,,,,gerund
DUmAyitvA,DUma,gerund,,,,DUmAyitvA,DUma,,,,,gerund
DUrtvA,Dvf,gerund,,,,DUrtvA,Dvf,,,,,gerund
DftvA,Df,gerund,,,,DftvA,Df,,,,,gerund
DOtvA,DAv#2,gerund,,,,DOtvA,DAv#2,,,,,gerund
DmAtvA,Dam,gerund,,,,DmAtvA,Dam,,,,,gerund
DyAtvA,DyA,gerund,,,,DyAtvA,DyA,,,,,gerund
DrutvA,Dru,gerund,,,,DrutvA,Dru,,,,,gerund
DvaMsayitvA,DvaMs,gerund,caus,,,DvaMsayitvA,DvaMs,,,,,gerund
DvaMsitvA,DvaMs,gerund,,,,DvaMsitvA,DvaMs,,,,,gerund
DvanayitvA,Dvan,gerund,caus,,,DvanayitvA,Dvan,,,,,gerund
DvanitvA,Dvan,gerund,,,,DvanitvA,Dvan,,,,,gerund
DvastvA,DvaMs,gerund,,,,DvastvA,DvaMs,,,,,gerund
DvANkzitvA,DvANkz,gerund,,,,DvANkzitvA,DvANkz,,,,,gerund
DvArayitvA,Dvf,gerund,caus,,,DvArayitvA,Dvf,,,,,gerund
natvA,nam,gerund,,,,natvA,nam,,,,,gerund
nadayitvA,nad,gerund,caus,,,nadayitvA,nad,,,,,gerund
naditvA,nad,gerund,,,,naditvA,nad,,,,,gerund
nadDvA,nah,gerund,,,,nadDvA,nah,,,,,gerund
nandayitvA,nand,gerund,caus,,,nandayitvA,nand,,,,,gerund
nanditvA,nand,gerund,,,,nanditvA,nand,,,,,gerund
namasyitvA,namas,gerund,,,,namasyitvA,namas,,,,,gerund
nartayitvA,nft,gerund,caus,,,nartayitvA,nft,,,,,gerund
narditvA,nard,gerund,,,,narditvA,nard,,,,,gerund
naSitvA,naS#1,gerund,,,,naSitvA,naS#1,,,,,gerund
nazwvA,naS#1,gerund,,,,nazwvA,naS#1,,,,,gerund
nAtTvA,nAT,gerund,,,,nAtTvA,nAT,,,,,gerund
nAdayitvA,nad,gerund,caus,,,nAdayitvA,nad,,,,,gerund
nAmayitvA,nam,gerund,caus,,,nAmayitvA,nam,,,,,gerund
nAyayitvA,nI#1,gerund,caus,,,nAyayitvA,nI#1,,,,,gerund
nAvyitvA,nO#1,gerund,,,,nAvyitvA,nO#1,,,,,gerund
nASayitvA,naS#1,gerund,caus,,,nASayitvA,naS#1,,,,,gerund
nikazAyitvA,nikaza,gerund,,,,nikazAyitvA,nikaza,,,,,gerund
niktvA,nij,gerund,,,,niktvA,nij,,,,,gerund
ninadizitvA,nad,gerund,desid,,,ninadizitvA,nad,,,,,gerund
ninartizitvA,nft,gerund,desid,,,ninartizitvA,nft,,,,,gerund
ninIzitvA,nI#1,gerund,desid,,,ninIzitvA,nI#1,,,,,gerund
ninftsitvA,nft,gerund,desid,,,ninftsitvA,nft,,,,,gerund
ninditvA,nind,gerund,,,,ninditvA,nind,,,,,gerund
nItvA,nI#1,gerund,,,,nItvA,nI#1,,,,,gerund
nIhArAyitvA,nIhAra,gerund,,,,nIhArAyitvA,nIhAra,,,,,gerund
nuttvA,nud,gerund,,,,nuttvA,nud,,,,,gerund
nutvA,nu#1,gerund,,,,nutvA,nu#1,,,,,gerund
nfttvA,nft,gerund,,,,nfttvA,nft,,,,,gerund
nejayitvA,nij,gerund,caus,,,nejayitvA,nij,,,,,gerund
nenikzitvA,nij,gerund,desid,,,nenikzitvA,nij,,,,,gerund
nodayitvA,nud,gerund,caus,,,nodayitvA,nud,,,,,gerund
paktvA,pac,gerund,,,,paktvA,pac,,,,,gerund
pawapawAyitvA,pawapawA,gerund,,,,pawapawAyitvA,pawapawA,,,,,gerund
pawwvA,paw,gerund,,,,pawwvA,paw,,,,,gerund
paWitvA,paW,gerund,,,,paWitvA,paW,,,,,gerund
paRayitvA,paR,gerund,caus,,,paRayitvA,paR,,,,,gerund
paRitvA,paR,gerund,,,,paRitvA,paR,,,,,gerund
patitvA,pat#1,gerund,,,,patitvA,pat#1,,,,,gerund
pattvA,pat#2,gerund,,,,pattvA,pat#2,,,,,gerund
pattvA,pad#1,gerund,,,,pattvA,pad#1,,,,,gerund
patTvA,paT,gerund,,,,patTvA,paT,,,,,gerund
payasyitvA,payas,gerund,,,,payasyitvA,payas,,,,,gerund
payAyitvA,payas,gerund,,,,payAyitvA,payas,,,,,gerund
parzitvA,pfz,gerund,,,,parzitvA,pfz,,,,,gerund
palAyitvA,palAy,gerund,,,,palAyitvA,palAy,,,,,gerund
pavitrayitvA,pavitra,gerund,,,,pavitrayitvA,pavitra,,,,,gerund
pAcayitvA,pac,gerund,caus,,,pAcayitvA,pac,,,,,gerund
pAwayitvA,paw,gerund,caus,,,pAwayitvA,paw,,,,,gerund
pAWayitvA,paW,gerund,caus,,,pAWayitvA,paW,,,,,gerund
pAtayitvA,pat#1,gerund,caus,,,pAtayitvA,pat#1,,,,,gerund
pATayitvA,paT,gerund,caus,,,pATayitvA,paT,,,,,gerund
pAdayitvA,pad#1,gerund,caus,,,pAdayitvA,pad#1,,,,,gerund
pAyayitvA,pA#1,gerund,caus,,,pAyayitvA,pA#1,,,,,gerund
pArayitvA,pf#1,gerund,caus,,,pArayitvA,pf#1,,,,,gerund
pArayitvA,pF,gerund,caus,,,pArayitvA,pF,,,,,gerund
pAlayitvA,pA#2,gerund,caus,,,pAlayitvA,pA#2,,,,,gerund
pASayitvA,pASa,gerund,,,,pASayitvA,pASa,,,,,gerund
piYjitvA,piYj,gerund,,,,piYjitvA,piYj,,,,,gerund
piRqayitvA,piRqa,gerund,,,,piRqayitvA,piRqa,,,,,gerund
pipakzitvA,pac,gerund,desid,,,pipakzitvA,pac,,,,,gerund
pipaWizitvA,paW,gerund,desid,,,pipaWizitvA,paW,,,,,gerund
pipatizitvA,pat#1,gerund,desid,,,pipatizitvA,pat#1,,,,,gerund
pipAsitvA,pA#1,gerund,desid,,,pipAsitvA,pA#1,,,,,gerund
pipAsitvA,pA#2,gerund,desid,,,pipAsitvA,pA#2,,,,,gerund
piprIzitvA,prI,gerund,desid,,,piprIzitvA,prI,,,,,gerund
pizwvA,piz,gerund,,,,pizwvA,piz,,,,,gerund
pizwvA,piS#1,gerund,,,,pizwvA,piS#1,,,,,gerund
pIqayitvA,pIq,gerund,,,,pIqayitvA,pIq,,,,,gerund
pItvA,pA#1,gerund,,,,pItvA,pA#1,,,,,gerund
pItvA,pA#2,gerund,,,,pItvA,pA#2,,,,,gerund
pItvA,pi#2,gerund,,,,pItvA,pi#2,,,,,gerund
pIyUzavarzAyitvA,pIyUzavarza,gerund,,,,pIyUzavarzAyitvA,pIyUzavarza,,,,,gerund
putTvA,puT,gerund,,,,putTvA,puT,,,,,gerund
putrakAmyitvA,putrakAma,gerund,,,,putrakAmyitvA,putrakAma,,,,,gerund
putriyitvA,putra,gerund,,,,putriyitvA,putra,,,,,gerund
putrIyitvA,putra,gerund,,,,putrIyitvA,putra,,,,,gerund
pupUrzitvA,pF,gerund,desid,,,pupUrzitvA,pF,,,,,gerund
pulakayitvA,pulaka,gerund,,,,pulakayitvA,pulaka,,,,,gerund
puzkarAyitvA,puzkara,gerund,,,,puzkarAyitvA,puzkara,,,,,gerund
puzwvA,puz#1,gerund,,,,puzwvA,puz#1,,,,,gerund
puzpAyitvA,puzpa,gerund,,,,puzpAyitvA,puzpa,,,,,gerund
puzpyitvA,puzpa,gerund,,,,puzpyitvA,puzpa,,,,,gerund
pUjayitvA,pUj,gerund,,,,pUjayitvA,pUj,,,,,gerund
pUtvA,pUy,gerund,,,,pUtvA,pUy,,,,,gerund
pUtvA,pU#1,gerund,,,,pUtvA,pU#1,,,,,gerund
pUrayitvA,pF,gerund,caus,,,pUrayitvA,pF,,,,,gerund
pUrtvA,pF,gerund,,,,pUrtvA,pF,,,,,gerund
pUlatvA,pUla,gerund,,,,pUlatvA,pUla,,,,,gerund
pUlayitvA,pUla,gerund,,,,pUlayitvA,pUla,,,,,gerund
pfktvA,pfc,gerund,,,,pfktvA,pfc,,,,,gerund
pfTayitvA,pfT,gerund,,,,pfTayitvA,pfT,,,,,gerund
pfzwvA,pfz,gerund,,,,pfzwvA,pfz,,,,,gerund
pfzwvA,praS,gerund,,,,pfzwvA,praS,,,,,gerund
poTayitvA,puT,gerund,caus,,,poTayitvA,puT,,,,,gerund
pozayitvA,puz#1,gerund,caus,,,pozayitvA,puz#1,,,,,gerund
pyAtvA,pyA,gerund,,,,pyAtvA,pyA,,,,,gerund
pracCayitvA,praS,gerund,caus,,,pracCayitvA,praS,,,,,gerund
pratikUlayitvA,pratikUla,gerund,,,,pratikUlayitvA,pratikUla,,,,,gerund
praTayitvA,praT,gerund,caus,,,praTayitvA,praT,,,,,gerund
praTitvA,praT,gerund,,,,praTitvA,praT,,,,,gerund
prasAdayitvA,prasAda,gerund,,,,prasAdayitvA,prasAda,,,,,gerund
prAvayitvA,pru,gerund,caus,,,prAvayitvA,pru,,,,,gerund
prAsAdIyitvA,prAsAda,gerund,,,,prAsAdIyitvA,prAsAda,,,,,gerund
pritvA,pf#1,gerund,,,,pritvA,pf#1,,,,,gerund
priyAyitvA,priya,gerund,,,,priyAyitvA,priya,,,,,gerund
prIRayitvA,prI,gerund,caus,,,prIRayitvA,prI,,,,,gerund
prItvA,prI,gerund,,,,prItvA,prI,,,,,gerund
prUtvA,pru,gerund,,,,prUtvA,pru,,,,,gerund
plAvayitvA,plu,gerund,caus,,,plAvayitvA,plu,,,,,gerund
plutvA,plu,gerund,,,,plutvA,plu,,,,,gerund
pluzwvA,pluz,gerund,,,,pluzwvA,pluz,,,,,gerund
PalitvA,Pal,gerund,,,,PalitvA,Pal,,,,,gerund
PullitvA,Pull,gerund,,,,PullitvA,Pull,,,,,gerund
PenAyitvA,Pena,gerund,,,,PenAyitvA,Pena,,,,,gerund
baMhayitvA,baMh,gerund,caus,,,baMhayitvA,baMh,,,,,gerund
banDayitvA,banD,gerund,caus,,,banDayitvA,banD,,,,,gerund
banDitvA,banD,gerund,,,,banDitvA,banD,,,,,gerund
barhitvA,bfh#2,gerund,,,,barhitvA,bfh#2,,,,,gerund
bahitvA,baMh,gerund,,,,bahitvA,baMh,,,,,gerund
bADayitvA,bAD,gerund,caus,,,bADayitvA,bAD,,,,,gerund
bADitvA,bAD,gerund,,,,bADitvA,bAD,,,,,gerund
bAzpAyitvA,bAzpa,gerund,,,,bAzpAyitvA,bAzpa,,,,,gerund
bIBatsitvA,bAD,gerund,desid,,,bIBatsitvA,bAD,,,,,gerund
budDvA,buD#1,gerund,,,,budDvA,buD#1,,,,,gerund
buBukzitvA,Buj#2,gerund,desid,,,buBukzitvA,Buj#2,,,,,gerund
buButsitvA,buD#1,gerund,desid,,,buButsitvA,buD#1,,,,,gerund
buBUzitvA,BU#1,gerund,desid,,,buBUzitvA,BU#1,,,,,gerund
buBodizitvA,buD#1,gerund,desid,,,buBodizitvA,buD#1,,,,,gerund
buBoDizitvA,buD#1,gerund,desid,,,buBoDizitvA,buD#1,,,,,gerund
bfMhayitvA,bfh#1,gerund,caus,,,bfMhayitvA,bfh#1,,,,,gerund
bfQvA,bfh#1,gerund,,,,bfQvA,bfh#1,,,,,gerund
bfQvA,bfh#2,gerund,,,,bfQvA,bfh#2,,,,,gerund
boDayitvA,buD#1,gerund,caus,,,boDayitvA,buD#1,,,,,gerund
BaktvA,Baj,gerund,,,,BaktvA,Baj,,,,,gerund
BaktvA,BaYj,gerund,,,,BaktvA,BaYj,,,,,gerund
BakzayitvA,Bakz,gerund,caus,,,BakzayitvA,Bakz,,,,,gerund
BakzitvA,Bakz,gerund,,,,BakzitvA,Bakz,,,,,gerund
BaYjayitvA,BaYj,gerund,caus,,,BaYjayitvA,BaYj,,,,,gerund
BaRitvA,BaR,gerund,,,,BaRitvA,BaR,,,,,gerund
BaRqitvA,BaRq,gerund,,,,BaRqitvA,BaRq,,,,,gerund
BanditvA,Band,gerund,,,,BanditvA,Band,,,,,gerund
BartsayitvA,Barts,gerund,,,,BartsayitvA,Barts,,,,,gerund
BazwvA,Baz,gerund,,,,BazwvA,Baz,,,,,gerund
BasitvA,Bas,gerund,,,,BasitvA,Bas,,,,,gerund
BAtvA,BA#1,gerund,,,,BAtvA,BA#1,,,,,gerund
BAyayitvA,BI#1,gerund,caus,,,BAyayitvA,BI#1,,,,,gerund
BArayitvA,Bf,gerund,caus,,,BArayitvA,Bf,,,,,gerund
BAvayitvA,BU#1,gerund,caus,,,BAvayitvA,BU#1,,,,,gerund
BAzitvA,BAz,gerund,,,,BAzitvA,BAz,,,,,gerund
BAsayitvA,BAs#1,gerund,caus,,,BAsayitvA,BAs#1,,,,,gerund
BAsitvA,BAs#1,gerund,,,,BAsitvA,BAs#1,,,,,gerund
BikzitvA,Baj,gerund,desid,,,BikzitvA,Baj,,,,,gerund
BittvA,Bid#1,gerund,,,,BittvA,Bid#1,,,,,gerund
BizajyitvA,Bizaj,gerund,,,,BizajyitvA,Bizaj,,,,,gerund
BItvA,BI#1,gerund,,,,BItvA,BI#1,,,,,gerund
BIzayitvA,BI#1,gerund,caus,,,BIzayitvA,BI#1,,,,,gerund
BuktvA,Buj#1,gerund,,,,BuktvA,Buj#1,,,,,gerund
BuktvA,Buj#2,gerund,,,,BuktvA,Buj#2,,,,,gerund
BuYjApayitvA,Buj#2,gerund,caus,,,BuYjApayitvA,Buj#2,,,,,gerund
BUtvA,BU#1,gerund,,,,BUtvA,BU#1,,,,,gerund
BUzayitvA,BUz,gerund,caus,,,BUzayitvA,BUz,,,,,gerund
BUzitvA,BUz,gerund,,,,BUzitvA,BUz,,,,,gerund
BftvA,Bf,gerund,,,,BftvA,Bf,,,,,gerund
BfSAyitvA,BfSa,gerund,,,,BfSAyitvA,BfSa,,,,,gerund
BfzwvA,Bfjj,gerund,,,,BfzwvA,Bfjj,,,,,gerund
BedayitvA,Bid#1,gerund,caus,,,BedayitvA,Bid#1,,,,,gerund
BojayitvA,Buj#2,gerund,caus,,,BojayitvA,Buj#2,,,,,gerund
BraMSayitvA,BraMS,gerund,caus,,,BraMSayitvA,BraMS,,,,,gerund
BraMSitvA,BraMS,gerund,,,,BraMSitvA,BraMS,,,,,gerund
BramitvA,Bram,gerund,,,,BramitvA,Bram,,,,,gerund
BrazwvA,BraMS,gerund,,,,BrazwvA,BraMS,,,,,gerund
BrAjayitvA,BrAj,gerund,caus,,,BrAjayitvA,BrAj,,,,,gerund
BrAjitvA,BrAj,gerund,,,,BrAjitvA,BrAj,,,,,gerund
BrAntvA,Bram,gerund,,,,BrAntvA,Bram,,,,,gerund
BrAmayitvA,Bram,gerund,caus,,,BrAmayitvA,Bram,,,,,gerund
maMhayitvA,maMh,gerund,caus,,,maMhayitvA,maMh,,,,,gerund
maktvA,majj,gerund,,,,maktvA,majj,,,,,gerund
majjayitvA,majj,gerund,caus,,,majjayitvA,majj,,,,,gerund
maRqayitvA,maRq,gerund,caus,,,maRqayitvA,maRq,,,,,gerund
maRqitvA,maRq,gerund,,,,maRqitvA,maRq,,,,,gerund
mattvA,mad#1,gerund,,,,mattvA,mad#1,,,,,gerund
matvA,man,gerund,,,,matvA,man,,,,,gerund
maTitvA,manT,gerund,,,,maTitvA,manT,,,,,gerund
madayitvA,mad#1,gerund,caus,,,madayitvA,mad#1,,,,,gerund
maDusyitvA,maDu,gerund,,,,maDusyitvA,maDu,,,,,gerund
maDvasyitvA,maDu,gerund,,,,maDvasyitvA,maDu,,,,,gerund
mantUyitvA,mantu,gerund,,,,mantUyitvA,mantu,,,,,gerund
mantrayitvA,mantra,gerund,,,,mantrayitvA,mantra,,,,,gerund
mandayitvA,mand#1,gerund,caus,,,mandayitvA,mand#1,,,,,gerund
manditvA,mand#1,gerund,,,,manditvA,mand#1,,,,,gerund
mardayitvA,mfd#1,gerund,caus,,,mardayitvA,mfd#1,,,,,gerund
marDitvA,mfD,gerund,,,,marDitvA,mfD,,,,,gerund
marSayitvA,mfS,gerund,caus,,,marSayitvA,mfS,,,,,gerund
marzayitvA,mfz,gerund,caus,,,marzayitvA,mfz,,,,,gerund
malinayitvA,malina,gerund,,,,malinayitvA,malina,,,,,gerund
mahayitvA,mah,gerund,caus,,,mahayitvA,mah,,,,,gerund
mahitvA,mah,gerund,,,,mahitvA,mah,,,,,gerund
mahitvA,maMh,gerund,,,,mahitvA,maMh,,,,,gerund
mahIyitvA,mahI#2,gerund,,,,mahIyitvA,mahI#2,,,,,gerund
mAMsIyitvA,mAMsa,gerund,,,,mAMsIyitvA,mAMsa,,,,,gerund
mAtvA,man,gerund,,,,mAtvA,man,,,,,gerund
mAdayitvA,mad#1,gerund,caus,,,mAdayitvA,mad#1,,,,,gerund
mAnayitvA,man,gerund,caus,,,mAnayitvA,man,,,,,gerund
mApayitvA,mA#1,gerund,caus,,,mApayitvA,mA#1,,,,,gerund
mArayitvA,mf,gerund,caus,,,mArayitvA,mf,,,,,gerund
mArgayitvA,mArg,gerund,,,,mArgayitvA,mArg,,,,,gerund
mArjayitvA,mfj,gerund,caus,,,mArjayitvA,mfj,,,,,gerund
mArjitvA,mfj,gerund,,,,mArjitvA,mfj,,,,,gerund
mAlayitvA,mAlA,gerund,,,,mAlayitvA,mAlA,,,,,gerund
mAlyaguRAyitvA,mAlyaguRa,gerund,,,,mAlyaguRAyitvA,mAlyaguRa,,,,,gerund
mitTvA,miT,gerund,,,,mitTvA,miT,,,,,gerund
mitvA,mi,gerund,,,,mitvA,mi,,,,,gerund
mitvA,mA#1,gerund,,,,mitvA,mA#1,,,,,gerund
militvA,mil,gerund,,,,militvA,mil,,,,,gerund
miSrayitvA,miSra,gerund,,,,miSrayitvA,miSra,,,,,gerund
mizitvA,miz,gerund,,,,mizitvA,miz,,,,,gerund
mizwvA,miz,gerund,,,,mizwvA,miz,,,,,gerund
mIQvA,mih,gerund,,,,mIQvA,mih,,,,,gerund
mItvA,mI,gerund,,,,mItvA,mI,,,,,gerund
mItvA,mA#3,gerund,,,,mItvA,mA#3,,,,,gerund
mItvA,mA#4,gerund,,,,mItvA,mA#4,,,,,gerund
mImAMsitvA,man,gerund,desid,,,mImAMsitvA,man,,,,,gerund
mIlayitvA,mIl,gerund,caus,,,mIlayitvA,mIl,,,,,gerund
mIlitvA,mIl,gerund,,,,mIlitvA,mIl,,,,,gerund
mukulayitvA,mukula,gerund,,,,mukulayitvA,mukula,,,,,gerund
muktvA,muc#1,gerund,,,,muktvA,muc#1,,,,,gerund
muKarayitvA,muKara,gerund,,,,muKarayitvA,muKara,,,,,gerund
mugDvA,muh,gerund,,,,mugDvA,muh,,,,,gerund
muRqayitvA,muRqa,gerund,,,,muRqayitvA,muRqa,,,,,gerund
muditvA,mud#1,gerund,,,,muditvA,mud#1,,,,,gerund
mudrayitvA,mudrA,gerund,,,,mudrayitvA,mudrA,,,,,gerund
mumukzitvA,muc#1,gerund,desid,,,mumukzitvA,muc#1,,,,,gerund
mumUrzitvA,mf,gerund,desid,,,mumUrzitvA,mf,,,,,gerund
muzitvA,muz#1,gerund,,,,muzitvA,muz#1,,,,,gerund
muhitvA,muh,gerund,,,,muhitvA,muh,,,,,gerund
mUQvA,muh,gerund,,,,mUQvA,muh,,,,,gerund
mUtrayitvA,mUtra,gerund,,,,mUtrayitvA,mUtra,,,,,gerund
mUrcCitvA,mUrcC,gerund,,,,mUrcCitvA,mUrcC,,,,,gerund
mUrCayitvA,mUrC,gerund,caus,,,mUrCayitvA,mUrC,,,,,gerund
mUrCitvA,mUrC,gerund,,,,mUrCitvA,mUrC,,,,,gerund
mfgayitvA,mfga,gerund,,,,mfgayitvA,mfga,,,,,gerund
mfwwvA,mfq,gerund,,,,mfwwvA,mfq,,,,,gerund
mfqayitvA,mfq,gerund,,,,mfqayitvA,mfq,,,,,gerund
mfttvA,mfd#1,gerund,,,,mfttvA,mfd#1,,,,,gerund
mftvA,mf,gerund,,,,mftvA,mf,,,,,gerund
mfdDvA,mfD,gerund,,,,mfdDvA,mfD,,,,,gerund
mfzAyitvA,mfzA,gerund,,,,mfzAyitvA,mfzA,,,,,gerund
mfzwvA,mfz,gerund,,,,mfzwvA,mfz,,,,,gerund
mfzwvA,mfj,gerund,,,,mfzwvA,mfj,,,,,gerund
mfzwvA,mfS,gerund,,,,mfzwvA,mfS,,,,,gerund
meGAyitvA,meGa,gerund,,,,meGAyitvA,meGa,,,,,gerund
meDayitvA,meDA,gerund,,,,meDayitvA,meDA,,,,,gerund
melApayitvA,mil,gerund,caus,,,melApayitvA,mil,,,,,gerund
melitvA,mil,gerund,,,,melitvA,mil,,,,,gerund
mezitvA,miz,gerund,,,,mezitvA,miz,,,,,gerund
mokzayitvA,mokz,gerund,,,,mokzayitvA,mokz,,,,,gerund
mokzitvA,mokz,gerund,,,,mokzitvA,mokz,,,,,gerund
mocayitvA,muc#1,gerund,caus,,,mocayitvA,muc#1,,,,,gerund
modayitvA,mud#1,gerund,caus,,,modayitvA,mud#1,,,,,gerund
moditvA,mud#1,gerund,,,,moditvA,mud#1,,,,,gerund
mozitvA,muz#1,gerund,,,,mozitvA,muz#1,,,,,gerund
mohayitvA,muh,gerund,caus,,,mohayitvA,muh,,,,,gerund
mohitvA,muh,gerund,,,,mohitvA,muh,,,,,gerund
mnAtvA,mnA,gerund,,,,mnAtvA,mnA,,,,,gerund
mreqayitvA,mreq,gerund,caus,,,mreqayitvA,mreq,,,,,gerund
mlAtvA,mlA,gerund,,,,mlAtvA,mlA,,,,,gerund
mlizwvA,mlecC,gerund,,,,mlizwvA,mlecC,,,,,gerund
mlecCitvA,mlecC,gerund,,,,mlecCitvA,mlecC,,,,,gerund
mlezwvA,mlecC,gerund,,,,mlezwvA,mlecC,,,,,gerund
yatitvA,yat#1,gerund,,,,yatitvA,yat#1,,,,,gerund
yattvA,yat#1,gerund,,,,yattvA,yat#1,,,,,gerund
yatvA,yam,gerund,,,,yatvA,yam,,,,,gerund
yantrayitvA,yantra,gerund,,,,yantrayitvA,yantra,,,,,gerund
yabDvA,yaB,gerund,,,,yabDvA,yaB,,,,,gerund
yamayitvA,yam,gerund,caus,,,yamayitvA,yam,,,,,gerund
yasitvA,yas,gerund,,,,yasitvA,yas,,,,,gerund
yastvA,yas,gerund,,,,yastvA,yas,,,,,gerund
yAcitvA,yAc,gerund,,,,yAcitvA,yAc,,,,,gerund
yAjayitvA,yaj#1,gerund,caus,,,yAjayitvA,yaj#1,,,,,gerund
yAtayitvA,yat#1,gerund,caus,,,yAtayitvA,yat#1,,,,,gerund
yAtvA,yA#1,gerund,,,,yAtvA,yA#1,,,,,gerund
yApayitvA,yA#1,gerund,caus,,,yApayitvA,yA#1,,,,,gerund
yAvayitvA,yu#2,gerund,caus,,,yAvayitvA,yu#2,,,,,gerund
yiyakzitvA,yaj#1,gerund,desid,,,yiyakzitvA,yaj#1,,,,,gerund
yiyatizitvA,yat#1,gerund,desid,,,yiyatizitvA,yat#1,,,,,gerund
yiyAsitvA,yA#1,gerund,desid,,,yiyAsitvA,yA#1,,,,,gerund
yuktvA,yuj#1,gerund,,,,yuktvA,yuj#1,,,,,gerund
yutvA,yu#1,gerund,,,,yutvA,yu#1,,,,,gerund
yutvA,yu#2,gerund,,,,yutvA,yu#2,,,,,gerund
yudDvA,yuD#1,gerund,,,,yudDvA,yuD#1,,,,,gerund
yuyukzitvA,yuj#1,gerund,desid,,,yuyukzitvA,yuj#1,,,,,gerund
yuyutsitvA,yuD#1,gerund,desid,,,yuyutsitvA,yuD#1,,,,,gerund
yojayitvA,yuj#1,gerund,caus,,,yojayitvA,yuj#1,,,,,gerund
raMhitvA,raMh,gerund,,,,raMhitvA,raMh,,,,,gerund
raktvA,raYj,gerund,,,,raktvA,raYj,,,,,gerund
rakzayitvA,rakz,gerund,caus,,,rakzayitvA,rakz,,,,,gerund
rakzitvA,rakz,gerund,,,,rakzitvA,rakz,,,,,gerund
racayitvA,rac,gerund,,,,racayitvA,rac,,,,,gerund
raYjayitvA,raYj,gerund,caus,,,raYjayitvA,raYj,,,,,gerund
raYjitvA,raYj,gerund,,,,raYjitvA,raYj,,,,,gerund
raRitvA,raR,gerund,,,,raRitvA,raR,,,,,gerund
rattvA,rad,gerund,,,,rattvA,rad,,,,,gerund
ratvA,ram,gerund,,,,ratvA,ram,,,,,gerund
raTakAmyitvA,raTakAma,gerund,,,,raTakAmyitvA,raTakAma,,,,,gerund
radDvA,raD,gerund,,,,radDvA,raD,,,,,gerund
raDitvA,raD,gerund,,,,raDitvA,raD,,,,,gerund
ranDayitvA,raD,gerund,caus,,,ranDayitvA,raD,,,,,gerund
rabDvA,raB,gerund,,,,rabDvA,raB,,,,,gerund
ramayitvA,ram,gerund,caus,,,ramayitvA,ram,,,,,gerund
ramitvA,ram,gerund,,,,ramitvA,ram,,,,,gerund
rasayitvA,rasa,gerund,,,,rasayitvA,rasa,,,,,gerund
rahayitvA,rah,gerund,,,,rahayitvA,rah,,,,,gerund
rAjayitvA,rAj#1,gerund,caus,,,rAjayitvA,rAj#1,,,,,gerund
rAjitvA,rAj#1,gerund,,,,rAjitvA,rAj#1,,,,,gerund
rAjIyitvA,rAjan,gerund,,,,rAjIyitvA,rAjan,,,,,gerund
rAtvA,rA#1,gerund,,,,rAtvA,rA#1,,,,,gerund
rAdDvA,rAD,gerund,,,,rAdDvA,rAD,,,,,gerund
rADayitvA,rAD,gerund,caus,,,rADayitvA,rAD,,,,,gerund
rAmayitvA,ram,gerund,caus,,,rAmayitvA,ram,,,,,gerund
riktvA,ric,gerund,,,,riktvA,ric,,,,,gerund
ripsitvA,raB,gerund,desid,,,ripsitvA,raB,,,,,gerund
riraMsitvA,ram,gerund,desid,,,riraMsitvA,ram,,,,,gerund
rirakzizitvA,rakz,gerund,desid,,,rirakzizitvA,rakz,,,,,gerund
rirADayizitvA,rAD,gerund,desid,,,rirADayizitvA,rAD,,,,,gerund
rizitvA,riz,gerund,,,,rizitvA,riz,,,,,gerund
rizwvA,riz,gerund,,,,rizwvA,riz,,,,,gerund
rItvA,ri,gerund,,,,rItvA,ri,,,,,gerund
ruktvA,ruj#1,gerund,,,,ruktvA,ruj#1,,,,,gerund
rucitvA,ruc#1,gerund,,,,rucitvA,ruc#1,,,,,gerund
rutvA,ru,gerund,,,,rutvA,ru,,,,,gerund
ruditvA,rud#1,gerund,,,,ruditvA,rud#1,,,,,gerund
rudDvA,ruD#1,gerund,,,,rudDvA,ruD#1,,,,,gerund
rudDvA,ruD#2,gerund,,,,rudDvA,ruD#2,,,,,gerund
rurukzitvA,ruh#1,gerund,desid,,,rurukzitvA,ruh#1,,,,,gerund
ruzitvA,ruz#1,gerund,,,,ruzitvA,ruz#1,,,,,gerund
ruzwvA,ruz#1,gerund,,,,ruzwvA,ruz#1,,,,,gerund
rUkzayitvA,rUkza,gerund,,,,rUkzayitvA,rUkza,,,,,gerund
rUQvA,ruh#1,gerund,,,,rUQvA,ruh#1,,,,,gerund
rUpayitvA,rUp,gerund,,,,rUpayitvA,rUp,,,,,gerund
recayitvA,ric,gerund,caus,,,recayitvA,ric,,,,,gerund
rezayitvA,riz,gerund,caus,,,rezayitvA,riz,,,,,gerund
rezitvA,riz,gerund,,,,rezitvA,riz,,,,,gerund
rocayitvA,ruc#1,gerund,caus,,,rocayitvA,ruc#1,,,,,gerund
rocitvA,ruc#1,gerund,,,,rocitvA,ruc#1,,,,,gerund
rodayitvA,rud#1,gerund,caus,,,rodayitvA,rud#1,,,,,gerund
roditvA,rud#1,gerund,,,,roditvA,rud#1,,,,,gerund
roDayitvA,ruD#2,gerund,caus,,,roDayitvA,ruD#2,,,,,gerund
ropayitvA,ruh#1,gerund,caus,,,ropayitvA,ruh#1,,,,,gerund
romanTAyitvA,romanTa,gerund,,,,romanTAyitvA,romanTa,,,,,gerund
rozayitvA,ruz#1,gerund,caus,,,rozayitvA,ruz#1,,,,,gerund
rozitvA,ruz#1,gerund,,,,rozitvA,ruz#1,,,,,gerund
rohayitvA,ruh#1,gerund,caus,,,rohayitvA,ruh#1,,,,,gerund
laktvA,lag,gerund,,,,laktvA,lag,,,,,gerund
lakzayitvA,lakz,gerund,,,,lakzayitvA,lakz,,,,,gerund
lagitvA,lag,gerund,,,,lagitvA,lag,,,,,gerund
laGayitvA,laGa,gerund,,,,laGayitvA,laGa,,,,,gerund
laNgitvA,laNg,gerund,,,,laNgitvA,laNg,,,,,gerund
laNGayitvA,laNG,gerund,caus,,,laNGayitvA,laNG,,,,,gerund
laNGitvA,laNG,gerund,,,,laNGitvA,laNG,,,,,gerund
lajjayitvA,lajj,gerund,caus,,,lajjayitvA,lajj,,,,,gerund
lajjitvA,lajj,gerund,,,,lajjitvA,lajj,,,,,gerund
lapitvA,lap,gerund,,,,lapitvA,lap,,,,,gerund
labDvA,laB,gerund,,,,labDvA,laB,,,,,gerund
lambitvA,lamb,gerund,,,,lambitvA,lamb,,,,,gerund
lamBayitvA,laB,gerund,caus,,,lamBayitvA,laB,,,,,gerund
lalitvA,lal,gerund,,,,lalitvA,lal,,,,,gerund
lavaRasyitvA,lavaRa,gerund,,,,lavaRasyitvA,lavaRa,,,,,gerund
lazitvA,laz,gerund,,,,lazitvA,laz,,,,,gerund
lasitvA,las,gerund,,,,lasitvA,las,,,,,gerund
lAYCitvA,lAYC,gerund,,,,lAYCitvA,lAYC,,,,,gerund
lApayitvA,lap,gerund,caus,,,lApayitvA,lap,,,,,gerund
lAlayitvA,lal,gerund,caus,,,lAlayitvA,lal,,,,,gerund
lAlAyitvA,lAlA,gerund,,,,lAlAyitvA,lAlA,,,,,gerund
lAzayitvA,laz,gerund,caus,,,lAzayitvA,laz,,,,,gerund
lAsayitvA,las,gerund,caus,,,lAsayitvA,las,,,,,gerund
liKitvA,liK,gerund,,,,liKitvA,liK,,,,,gerund
liptvA,lip,gerund,,,,liptvA,lip,,,,,gerund
lipsitvA,laB,gerund,desid,,,lipsitvA,laB,,,,,gerund
lilazizitvA,laz,gerund,desid,,,lilazizitvA,laz,,,,,gerund
lizwvA,liS,gerund,,,,lizwvA,liS,,,,,gerund
lIQvA,lih#1,gerund,,,,lIQvA,lih#1,,,,,gerund
lItvA,lI,gerund,,,,lItvA,lI,,,,,gerund
luRWayitvA,luRW,gerund,caus,,,luRWayitvA,luRW,,,,,gerund
luRWitvA,luRW,gerund,,,,luRWitvA,luRW,,,,,gerund
luptvA,lup,gerund,,,,luptvA,lup,,,,,gerund
lubDvA,luB,gerund,,,,lubDvA,luB,,,,,gerund
luBitvA,luB,gerund,,,,luBitvA,luB,,,,,gerund
lulitvA,lul,gerund,,,,lulitvA,lul,,,,,gerund
lUtvA,lU#1,gerund,,,,lUtvA,lU#1,,,,,gerund
leKayitvA,liK,gerund,caus,,,leKayitvA,liK,,,,,gerund
leKitvA,liK,gerund,,,,leKitvA,liK,,,,,gerund
lepayitvA,lip,gerund,caus,,,lepayitvA,lip,,,,,gerund
lelAyitvA,lelA,gerund,,,,lelAyitvA,lelA,,,,,gerund
lokayitvA,lok,gerund,,,,lokayitvA,lok,,,,,gerund
lokitvA,lok,gerund,,,,lokitvA,lok,,,,,gerund
locitvA,loc,gerund,,,,locitvA,loc,,,,,gerund
loWayitvA,luRW,gerund,caus,,,loWayitvA,luRW,,,,,gerund
loBayitvA,luB,gerund,caus,,,loBayitvA,luB,,,,,gerund
loBitvA,luB,gerund,,,,loBitvA,luB,,,,,gerund
lolitvA,lul,gerund,,,,lolitvA,lul,,,,,gerund
lohitAyitvA,lohita,gerund,,,,lohitAyitvA,lohita,,,,,gerund
vakzayitvA,vakz,gerund,caus,,,vakzayitvA,vakz,,,,,gerund
vaNktvA,vaYc,gerund,,,,vaNktvA,vaYc,,,,,gerund
vaYcayitvA,vaYc,gerund,caus,,,vaYcayitvA,vaYc,,,,,gerund
vaYcitvA,vaYc,gerund,,,,vaYcitvA,vaYc,,,,,gerund
vatvA,van,gerund,,,,vatvA,van,,,,,gerund
vaditvA,vad,gerund,,,,vaditvA,vad,,,,,gerund
vanditvA,vand,gerund,,,,vanditvA,vand,,,,,gerund
varayitvA,vf#2,gerund,caus,,,varayitvA,vf#2,,,,,gerund
varitvA,vf#2,gerund,,,,varitvA,vf#2,,,,,gerund
varivasyitvA,varivas,gerund,,,,varivasyitvA,varivas,,,,,gerund
varItvA,vf#2,gerund,,,,varItvA,vf#2,,,,,gerund
varjayitvA,vfj,gerund,caus,,,varjayitvA,vfj,,,,,gerund
varRayitvA,varRa,gerund,,,,varRayitvA,varRa,,,,,gerund
vartayitvA,vft#1,gerund,caus,,,vartayitvA,vft#1,,,,,gerund
varDayitvA,vfD#1,gerund,caus,,,varDayitvA,vfD#1,,,,,gerund
varDitvA,vfD#1,gerund,,,,varDitvA,vfD#1,,,,,gerund
varzayitvA,vfz,gerund,caus,,,varzayitvA,vfz,,,,,gerund
varzitvA,vfz,gerund,,,,varzitvA,vfz,,,,,gerund
varhitvA,vfh,gerund,,,,varhitvA,vfh,,,,,gerund
valayitvA,val,gerund,caus,,,valayitvA,val,,,,,gerund
valitvA,val,gerund,,,,valitvA,val,,,,,gerund
valgitvA,valg,gerund,,,,valgitvA,valg,,,,,gerund
valgUyitvA,valgu,gerund,,,,valgUyitvA,valgu,,,,,gerund
vasitvA,vas#1,gerund,,,,vasitvA,vas#1,,,,,gerund
vasitvA,vas#2,gerund,,,,vasitvA,vas#2,,,,,gerund
vasitvA,vas#4,gerund,,,,vasitvA,vas#4,,,,,gerund
vAcayitvA,vac,gerund,caus,,,vAcayitvA,vac,,,,,gerund
vAcyitvA,vAc,gerund,,,,vAcyitvA,vAc,,,,,gerund
vAYCitvA,vAYC,gerund,,,,vAYCitvA,vAYC,,,,,gerund
vAtvA,vA#2,gerund,,,,vAtvA,vA#2,,,,,gerund
vAdayitvA,vad,gerund,caus,,,vAdayitvA,vad,,,,,gerund
vAntvA,vam,gerund,,,,vAntvA,vam,,,,,gerund
vApayitvA,vA#2,gerund,caus,,,vApayitvA,vA#2,,,,,gerund
vApayitvA,vap#2,gerund,caus,,,vApayitvA,vap#2,,,,,gerund
vArayitvA,vf#1,gerund,caus,,,vArayitvA,vf#1,,,,,gerund
vASitvA,vAS,gerund,,,,vASitvA,vAS,,,,,gerund
vAsayitvA,vAsa#3,gerund,,,,vAsayitvA,vAsa#3,,,,,gerund
vAsayitvA,vas#1,gerund,caus,,,vAsayitvA,vas#1,,,,,gerund
vAsayitvA,vas#2,gerund,caus,,,vAsayitvA,vas#2,,,,,gerund
vAhayitvA,vah#1,gerund,caus,,,vAhayitvA,vah#1,,,,,gerund
viktvA,vic,gerund,,,,viktvA,vic,,,,,gerund
viktvA,vij,gerund,,,,viktvA,vij,,,,,gerund
vittvA,vid#2,gerund,,,,vittvA,vid#2,,,,,gerund
viditvA,vid#1,gerund,,,,viditvA,vid#1,,,,,gerund
vidDvA,viD#1,gerund,,,,vidDvA,viD#1,,,,,gerund
vidDvA,vyaD,gerund,,,,vidDvA,vyaD,,,,,gerund
vipitvA,vip,gerund,,,,vipitvA,vip,,,,,gerund
vimanAyitvA,vimanA,gerund,,,,vimanAyitvA,vimanA,,,,,gerund
vivakzitvA,vac,gerund,desid,,,vivakzitvA,vac,,,,,gerund
vivatsitvA,vas#1,gerund,desid,,,vivatsitvA,vas#1,,,,,gerund
vivikzitvA,vic,gerund,desid,,,vivikzitvA,vic,,,,,gerund
vivikzitvA,viS#1,gerund,desid,,,vivikzitvA,viS#1,,,,,gerund
vivitsitvA,vid#1,gerund,desid,,,vivitsitvA,vid#1,,,,,gerund
vividizitvA,vid#1,gerund,desid,,,vividizitvA,vid#1,,,,,gerund
viSadayitvA,viSada,gerund,,,,viSadayitvA,viSada,,,,,gerund
vizAyitvA,vizA,gerund,,,,vizAyitvA,vizA,,,,,gerund
vizwvA,viz#1,gerund,,,,vizwvA,viz#1,,,,,gerund
vizwvA,viS#1,gerund,,,,vizwvA,viS#1,,,,,gerund
vIktvA,vIj,gerund,,,,vIktvA,vIj,,,,,gerund
vItvA,vI#1,gerund,,,,vItvA,vI#1,,,,,gerund
vItvA,vyA,gerund,,,,vItvA,vyA,,,,,gerund
vfktvA,vfj,gerund,,,,vfktvA,vfj,,,,,gerund
vfQvA,vfh,gerund,,,,vfQvA,vfh,,,,,gerund
vfttvA,vft#1,gerund,,,,vfttvA,vft#1,,,,,gerund
vftvA,vf#1,gerund,,,,vftvA,vf#1,,,,,gerund
vftvA,vf#2,gerund,,,,vftvA,vf#2,,,,,gerund
vfdDvA,vfD#1,gerund,,,,vfdDvA,vfD#1,,,,,gerund
vfzasyitvA,vfza,gerund,,,,vfzasyitvA,vfza,,,,,gerund
vfzIyitvA,vfza,gerund,,,,vfzIyitvA,vfza,,,,,gerund
vfzwvA,vfz,gerund,,,,vfzwvA,vfz,,,,,gerund
vfzwvA,vraSc,gerund,,,,vfzwvA,vraSc,,,,,gerund
vecayitvA,vic,gerund,caus,,,vecayitvA,vic,,,,,gerund
vejayitvA,vij,gerund,caus,,,vejayitvA,vij,,,,,gerund
vedayitvA,vid#1,gerund,caus,,,vedayitvA,vid#1,,,,,gerund
veditvA,vid#1,gerund,,,,veditvA,vid#1,,,,,gerund
venitvA,ven,gerund,,,,venitvA,ven,,,,,gerund
vepayitvA,vip,gerund,caus,,,vepayitvA,vip,,,,,gerund
vepitvA,vip,gerund,,,,vepitvA,vip,,,,,gerund
veSayitvA,viS#1,gerund,caus,,,veSayitvA,viS#1,,,,,gerund
vezayitvA,viz#1,gerund,caus,,,vezayitvA,viz#1,,,,,gerund
vezwayitvA,vezw,gerund,caus,,,vezwayitvA,vezw,,,,,gerund
vezwitvA,vezw,gerund,,,,vezwitvA,vezw,,,,,gerund
vErAyitvA,vEra,gerund,,,,vErAyitvA,vEra,,,,,gerund
vyaTayitvA,vyaT,gerund,caus,,,vyaTayitvA,vyaT,,,,,gerund
vyaTitvA,vyaT,gerund,,,,vyaTitvA,vyaT,,,,,gerund
vyADayitvA,vyaD,gerund,caus,,,vyADayitvA,vyaD,,,,,gerund
vrajitvA,vraj,gerund,,,,vrajitvA,vraj,,,,,gerund
vraRayitvA,vraRa,gerund,,,,vraRayitvA,vraRa,,,,,gerund
vraScayitvA,vraSc,gerund,caus,,,vraScayitvA,vraSc,,,,,gerund
vrIqitvA,vrIq,gerund,,,,vrIqitvA,vrIq,,,,,gerund
SaMsayitvA,SaMs,gerund,caus,,,SaMsayitvA,SaMs,,,,,gerund
SaMsitvA,SaMs,gerund,,,,SaMsitvA,SaMs,,,,,gerund
SaktvA,Sak,gerund,,,,SaktvA,Sak,,,,,gerund
SaNkitvA,SaNk,gerund,,,,SaNkitvA,SaNk,,,,,gerund
SattvA,Sad,gerund,,,,SattvA,Sad,,,,,gerund
SapitvA,Sap,gerund,,,,SapitvA,Sap,,,,,gerund
SaptvA,Sap,gerund,,,,SaptvA,Sap,,,,,gerund
SabdAyitvA,Sabda,gerund,,,,SabdAyitvA,Sabda,,,,,gerund
SamayitvA,Sam#1,gerund,caus,,,SamayitvA,Sam#1,,,,,gerund
SayitvA,SI#1,gerund,,,,SayitvA,SI#1,,,,,gerund
SalaBAyitvA,SalaBa,gerund,,,,SalaBAyitvA,SalaBa,,,,,gerund
SaltvA,Sal,gerund,,,,SaltvA,Sal,,,,,gerund
SasitvA,Sas,gerund,,,,SasitvA,Sas,,,,,gerund
SastvA,Sas,gerund,,,,SastvA,Sas,,,,,gerund
SastvA,SaMs,gerund,,,,SastvA,SaMs,,,,,gerund
SAtayitvA,Sad,gerund,caus,,,SAtayitvA,Sad,,,,,gerund
SAdayitvA,Sad,gerund,caus,,,SAdayitvA,Sad,,,,,gerund
SAntayitvA,SAnta,gerund,,,,SAntayitvA,SAnta,,,,,gerund
SApayitvA,Sap,gerund,caus,,,SApayitvA,Sap,,,,,gerund
SAyayitvA,SI#1,gerund,caus,,,SAyayitvA,SI#1,,,,,gerund
SAsitvA,SAs,gerund,,,,SAsitvA,SAs,,,,,gerund
SAstvA,SAs,gerund,,,,SAstvA,SAs,,,,,gerund
SikzayitvA,Sikz,gerund,caus,,,SikzayitvA,Sikz,,,,,gerund
SikzitvA,Sikz,gerund,,,,SikzitvA,Sikz,,,,,gerund
SikzitvA,Sak,gerund,desid,,,SikzitvA,Sak,,,,,gerund
SitvA,SA,gerund,,,,SitvA,SA,,,,,gerund
SiTilayitvA,SiTila,gerund,,,,SiTilayitvA,SiTila,,,,,gerund
SiTilAyitvA,SiTila,gerund,,,,SiTilAyitvA,SiTila,,,,,gerund
SiSayizitvA,SI#1,gerund,desid,,,SiSayizitvA,SI#1,,,,,gerund
SiSUyitvA,SiSu,gerund,,,,SiSUyitvA,SiSu,,,,,gerund
SizwvA,Siz,gerund,,,,SizwvA,Siz,,,,,gerund
SizwvA,SAs,gerund,,,,SizwvA,SAs,,,,,gerund
SIGrAyitvA,SIGra,gerund,,,,SIGrAyitvA,SIGra,,,,,gerund
SItvA,SyA,gerund,,,,SItvA,SyA,,,,,gerund
SIrtvA,SF,gerund,,,,SIrtvA,SF,,,,,gerund
SIlayitvA,SIl,gerund,caus,,,SIlayitvA,SIl,,,,,gerund
SIltvA,SIl,gerund,,,,SIltvA,SIl,,,,,gerund
SuktvA,Suc#1,gerund,,,,SuktvA,Suc#1,,,,,gerund
SudDvA,SuD,gerund,,,,SudDvA,SuD,,,,,gerund
SubDvA,SuB#1,gerund,,,,SubDvA,SuB#1,,,,,gerund
SumBitvA,SumB,gerund,,,,SumBitvA,SumB,,,,,gerund
SuSrUzitvA,Sru,gerund,desid,,,SuSrUzitvA,Sru,,,,,gerund
SUtvA,SU,gerund,,,,SUtvA,SU,,,,,gerund
SezayitvA,Siz,gerund,caus,,,SezayitvA,Siz,,,,,gerund
SocayitvA,Suc#1,gerund,caus,,,SocayitvA,Suc#1,,,,,gerund
SoDayitvA,SuD,gerund,caus,,,SoDayitvA,SuD,,,,,gerund
SoBayitvA,SuB#1,gerund,caus,,,SoBayitvA,SuB#1,,,,,gerund
SozayitvA,Suz,gerund,caus,,,SozayitvA,Suz,,,,,gerund
SyAmAyitvA,SyAma,gerund,,,,SyAmAyitvA,SyAma,,,,,gerund
SyenayitvA,Syena,gerund,,,,SyenayitvA,Syena,,,,,gerund
SyenAyitvA,Syena,gerund,,,,SyenAyitvA,Syena,,,,,gerund
SrabDvA,SramB,gerund,,,,SrabDvA,SramB,,,,,gerund
SramitvA,Sram,gerund,,,,SramitvA,Sram,,,,,gerund
SramBitvA,SramB,gerund,,,,SramBitvA,SramB,,,,,gerund
SrAntvA,Sram,gerund,,,,SrAntvA,Sram,,,,,gerund
SrAmayitvA,Sram,gerund,caus,,,SrAmayitvA,Sram,,,,,gerund
SrAvayitvA,Sru,gerund,caus,,,SrAvayitvA,Sru,,,,,gerund
SritvA,Sri,gerund,,,,SritvA,Sri,,,,,gerund
SrutvA,Sru,gerund,,,,SrutvA,Sru,,,,,gerund
SlAGitvA,SlAG,gerund,,,,SlAGitvA,SlAG,,,,,gerund
SlizwvA,Sliz,gerund,,,,SlizwvA,Sliz,,,,,gerund
SlezayitvA,Sliz,gerund,caus,,,SlezayitvA,Sliz,,,,,gerund
SvasitvA,Svas#1,gerund,,,,SvasitvA,Svas#1,,,,,gerund
SvittvA,Svit,gerund,,,,SvittvA,Svit,,,,,gerund
zaRQayitvA,zaRQa,gerund,,,,zaRQayitvA,zaRQa,,,,,gerund
zWIvitvA,zWIv,gerund,,,,zWIvitvA,zWIv,,,,,gerund
zWIvtvA,zWIv,gerund,,,,zWIvtvA,zWIv,,,,,gerund
saktvA,sac,gerund,,,,saktvA,sac,,,,,gerund
saKIyitvA,saKi,gerund,,,,saKIyitvA,saKi,,,,,gerund
saNkawAyitvA,saNkawa,gerund,,,,saNkawAyitvA,saNkawa,,,,,gerund
saNgrAmayitvA,saNgrAma,gerund,,,,saNgrAmayitvA,saNgrAma,,,,,gerund
sajjayitvA,saYj,gerund,caus,,,sajjayitvA,saYj,,,,,gerund
sajjIyitvA,sajja,gerund,,,,sajjIyitvA,sajja,,,,,gerund
saYjitvA,saYj,gerund,,,,saYjitvA,saYj,,,,,gerund
sattvA,sad#1,gerund,,,,sattvA,sad#1,,,,,gerund
sapiRqayitvA,sapiRqa,gerund,,,,sapiRqayitvA,sapiRqa,,,,,gerund
saptvA,sap#1,gerund,,,,saptvA,sap#1,,,,,gerund
sarjayitvA,sfj#1,gerund,caus,,,sarjayitvA,sfj#1,,,,,gerund
sarpayitvA,sfp,gerund,caus,,,sarpayitvA,sfp,,,,,gerund
sahitvA,sah#1,gerund,,,,sahitvA,sah#1,,,,,gerund
sAQvA,sah#1,gerund,,,,sAQvA,sah#1,,,,,gerund
sAtvA,san#1,gerund,,,,sAtvA,san#1,,,,,gerund
sAdayitvA,sad#1,gerund,caus,,,sAdayitvA,sad#1,,,,,gerund
sAdayitvA,svad,gerund,caus,,,sAdayitvA,svad,,,,,gerund
sADayitvA,siD#1,gerund,caus,,,sADayitvA,siD#1,,,,,gerund
sAnayitvA,san#1,gerund,caus,,,sAnayitvA,san#1,,,,,gerund
sAntvayitvA,sAntva,gerund,,,,sAntvayitvA,sAntva,,,,,gerund
sApayitvA,sap#1,gerund,caus,,,sApayitvA,sap#1,,,,,gerund
sArayitvA,sf,gerund,caus,,,sArayitvA,sf,,,,,gerund
sAvaDAnayitvA,sAvaDAna,gerund,,,,sAvaDAnayitvA,sAvaDAna,,,,,gerund
siktvA,sic,gerund,,,,siktvA,sic,,,,,gerund
sitvA,sA#1,gerund,,,,sitvA,sA#1,,,,,gerund
sidDvA,siD#1,gerund,,,,sidDvA,siD#1,,,,,gerund
sidDvA,siD#2,gerund,,,,sidDvA,siD#2,,,,,gerund
siDitvA,siD#1,gerund,,,,siDitvA,siD#1,,,,,gerund
siDitvA,siD#2,gerund,,,,siDitvA,siD#2,,,,,gerund
sisAnayizitvA,san#1,gerund,desid,,,sisAnayizitvA,san#1,,,,,gerund
sisfkzitvA,sfj#1,gerund,desid,,,sisfkzitvA,sfj#1,,,,,gerund
sismayizitvA,smi,gerund,desid,,,sismayizitvA,smi,,,,,gerund
sIvayitvA,sIv,gerund,caus,,,sIvayitvA,sIv,,,,,gerund
suKAyitvA,suKa,gerund,,,,suKAyitvA,suKa,,,,,gerund
suKyitvA,suKa,gerund,,,,suKyitvA,suKa,,,,,gerund
sutvA,su#2,gerund,,,,sutvA,su#2,,,,,gerund
sutvA,sU#1,gerund,,,,sutvA,sU#1,,,,,gerund
sudinAyitvA,sudina,gerund,,,,sudinAyitvA,sudina,,,,,gerund
suptvA,svap,gerund,,,,suptvA,svap,,,,,gerund
sumanAyitvA,sumanas,gerund,,,,sumanAyitvA,sumanas,,,,,gerund
surtvA,sur,gerund,,,,surtvA,sur,,,,,gerund
susyUzitvA,sIv,gerund,desid,,,susyUzitvA,sIv,,,,,gerund
sUcayitvA,sUc,gerund,,,,sUcayitvA,sUc,,,,,gerund
sUtvA,sU#1,gerund,,,,sUtvA,sU#1,,,,,gerund
sUdayitvA,sUd,gerund,,,,sUdayitvA,sUd,,,,,gerund
sftvA,sf,gerund,,,,sftvA,sf,,,,,gerund
sfptvA,sfp,gerund,,,,sfptvA,sfp,,,,,gerund
sfzwvA,sfj#1,gerund,,,,sfzwvA,sfj#1,,,,,gerund
secayitvA,sic,gerund,caus,,,secayitvA,sic,,,,,gerund
seDitvA,siD#1,gerund,,,,seDitvA,siD#1,,,,,gerund
seDitvA,siD#2,gerund,,,,seDitvA,siD#2,,,,,gerund
sevayitvA,sIv,gerund,caus,,,sevayitvA,sIv,,,,,gerund
sevitvA,sev,gerund,,,,sevitvA,sev,,,,,gerund
sevitvA,sIv,gerund,,,,sevitvA,sIv,,,,,gerund
soQvA,sah#1,gerund,,,,soQvA,sah#1,,,,,gerund
skanttvA,skand,gerund,,,,skanttvA,skand,,,,,gerund
skandayitvA,skand,gerund,caus,,,skandayitvA,skand,,,,,gerund
skamBitvA,skamB,gerund,,,,skamBitvA,skamB,,,,,gerund
sKalayitvA,sKal,gerund,caus,,,sKalayitvA,sKal,,,,,gerund
sKalitvA,sKal,gerund,,,,sKalitvA,sKal,,,,,gerund
sKAlayitvA,sKal,gerund,caus,,,sKAlayitvA,sKal,,,,,gerund
stanitvA,stan,gerund,,,,stanitvA,stan,,,,,gerund
stabDvA,stamB,gerund,,,,stabDvA,stamB,,,,,gerund
stamBayitvA,stamB,gerund,caus,,,stamBayitvA,stamB,,,,,gerund
stamBitvA,stamB,gerund,,,,stamBitvA,stamB,,,,,gerund
stAvayitvA,stu,gerund,caus,,,stAvayitvA,stu,,,,,gerund
stIrtvA,stF,gerund,,,,stIrtvA,stF,,,,,gerund
stutvA,stu,gerund,,,,stutvA,stu,,,,,gerund
stubDvA,stuB,gerund,,,,stubDvA,stuB,,,,,gerund
stuBitvA,stuB,gerund,,,,stuBitvA,stuB,,,,,gerund
stftvA,stF,gerund,,,,stftvA,stF,,,,,gerund
stenayitvA,stena,gerund,,,,stenayitvA,stena,,,,,gerund
stoBitvA,stuB,gerund,,,,stoBitvA,stuB,,,,,gerund
styAtvA,styA,gerund,,,,styAtvA,styA,,,,,gerund
sTagayitvA,sTaga,gerund,,,,sTagayitvA,sTaga,,,,,gerund
sTApayitvA,sTA#1,gerund,caus,,,sTApayitvA,sTA#1,,,,,gerund
sTitvA,sTA#1,gerund,,,,sTitvA,sTA#1,,,,,gerund
snAtvA,snA,gerund,,,,snAtvA,snA,,,,,gerund
snigDvA,snih#1,gerund,,,,snigDvA,snih#1,,,,,gerund
snihitvA,snih#1,gerund,,,,snihitvA,snih#1,,,,,gerund
snIQvA,snih#1,gerund,,,,snIQvA,snih#1,,,,,gerund
snugDvA,snuh#1,gerund,,,,snugDvA,snuh#1,,,,,gerund
snutvA,snu,gerund,,,,snutvA,snu,,,,,gerund
snuhitvA,snuh#1,gerund,,,,snuhitvA,snuh#1,,,,,gerund
snUQvA,snuh#1,gerund,,,,snUQvA,snuh#1,,,,,gerund
snehayitvA,snih#1,gerund,caus,,,snehayitvA,snih#1,,,,,gerund
snehitvA,snih#1,gerund,,,,snehitvA,snih#1,,,,,gerund
snohitvA,snuh#1,gerund,,,,snohitvA,snuh#1,,,,,gerund
spandayitvA,spand,gerund,caus,,,spandayitvA,spand,,,,,gerund
spanditvA,spand,gerund,,,,spanditvA,spand,,,,,gerund
sparDitvA,sparD,gerund,,,,sparDitvA,sparD,,,,,gerund
spASayitvA,spaS#1,gerund,caus,,,spASayitvA,spaS#1,,,,,gerund
spfzwvA,spfS#1,gerund,,,,spfzwvA,spfS#1,,,,,gerund
spfhayitvA,spfh,gerund,,,,spfhayitvA,spfh,,,,,gerund
sPaltvA,sPal,gerund,,,,sPaltvA,sPal,,,,,gerund
sPItvA,sPA,gerund,,,,sPItvA,sPA,,,,,gerund
sPuwitvA,sPuw,gerund,,,,sPuwitvA,sPuw,,,,,gerund
sPuritvA,sPur,gerund,,,,sPuritvA,sPur,,,,,gerund
sPowitvA,sPuw,gerund,,,,sPowitvA,sPuw,,,,,gerund
sPoritvA,sPur,gerund,,,,sPoritvA,sPur,,,,,gerund
smAyayitvA,smi,gerund,caus,,,smAyayitvA,smi,,,,,gerund
smArayitvA,smf,gerund,caus,,,smArayitvA,smf,,,,,gerund
smitvA,smi,gerund,,,,smitvA,smi,,,,,gerund
smftvA,smf,gerund,,,,smftvA,smf,,,,,gerund
syattvA,syand,gerund,,,,syattvA,syand,,,,,gerund
syanttvA,syand,gerund,,,,syanttvA,syand,,,,,gerund
syUtvA,sIv,gerund,,,,syUtvA,sIv,,,,,gerund
sraMsitvA,sraMs,gerund,,,,sraMsitvA,sraMs,,,,,gerund
sraMstvA,sraMs,gerund,,,,sraMstvA,sraMs,,,,,gerund
srAvayitvA,sru,gerund,caus,,,srAvayitvA,sru,,,,,gerund
srutvA,sru,gerund,,,,srutvA,sru,,,,,gerund
svaYjayitvA,svaYj,gerund,caus,,,svaYjayitvA,svaYj,,,,,gerund
svaYjitvA,svaYj,gerund,,,,svaYjitvA,svaYj,,,,,gerund
svaditvA,svad,gerund,,,,svaditvA,svad,,,,,gerund
svanayitvA,svan,gerund,caus,,,svanayitvA,svan,,,,,gerund
svanitvA,svan,gerund,,,,svanitvA,svan,,,,,gerund
svaritvA,svar#1,gerund,,,,svaritvA,svar#1,,,,,gerund
svartvA,svar#2,gerund,,,,svartvA,svar#2,,,,,gerund
svalpaSilAyitvA,svalpaSilA,gerund,,,,svalpaSilAyitvA,svalpaSilA,,,,,gerund
svAdayitvA,svad,gerund,caus,,,svAdayitvA,svad,,,,,gerund
svittvA,svid#2,gerund,,,,svittvA,svid#2,,,,,gerund
svedayitvA,svid#2,gerund,caus,,,svedayitvA,svid#2,,,,,gerund
hawWvA,haW,gerund,,,,hawWvA,haW,,,,,gerund
hattvA,had,gerund,,,,hattvA,had,,,,,gerund
hatvA,han#1,gerund,,,,hatvA,han#1,,,,,gerund
harzayitvA,hfz,gerund,caus,,,harzayitvA,hfz,,,,,gerund
harzitvA,hfz,gerund,,,,harzitvA,hfz,,,,,gerund
hasitvA,has,gerund,,,,hasitvA,has,,,,,gerund
hAtvA,hA#1,gerund,,,,hAtvA,hA#1,,,,,gerund
hAtvA,hA#2,gerund,,,,hAtvA,hA#2,,,,,gerund
hArayitvA,hf#1,gerund,caus,,,hArayitvA,hf#1,,,,,gerund
hAsayitvA,has,gerund,caus,,,hAsayitvA,has,,,,,gerund
hiMsitvA,hiMs,gerund,,,,hiMsitvA,hiMs,,,,,gerund
hikkitvA,hikk,gerund,,,,hikkitvA,hikk,,,,,gerund
hitvA,hi#2,gerund,,,,hitvA,hi#2,,,,,gerund
hitvA,DA#1,gerund,,,,hitvA,DA#1,,,,,gerund
hItvA,hA#1,gerund,,,,hItvA,hA#1,,,,,gerund
huRqitvA,huRq,gerund,,,,huRqitvA,huRq,,,,,gerund
hutvA,hu,gerund,,,,hutvA,hu,,,,,gerund
hUtvA,hU,gerund,,,,hUtvA,hU,,,,,gerund
hftvA,hf#1,gerund,,,,hftvA,hf#1,,,,,gerund
hfzwvA,hfz,gerund,,,,hfzwvA,hfz,,,,,gerund
hnUtvA,hnu,gerund,,,,hnUtvA,hnu,,,,,gerund
hrasitvA,hras,gerund,,,,hrasitvA,hras,,,,,gerund
hrAdayitvA,hrAd,gerund,caus,,,hrAdayitvA,hrAd,,,,,gerund
hrAditvA,hrAd,gerund,,,,hrAditvA,hrAd,,,,,gerund
hrAsayitvA,hras,gerund,caus,,,hrAsayitvA,hras,,,,,gerund
hrItvA,hrI#1,gerund,,,,hrItvA,hrI#1,,,,,gerund
hrepayitvA,hrI#1,gerund,caus,,,hrepayitvA,hrI#1,,,,,gerund
hlAdayitvA,hlAd,gerund,caus,,,hlAdayitvA,hlAd,,,,,gerund
hlAditvA,hlAd,gerund,,,,hlAditvA,hlAd,,,,,gerund
hvalitvA,hval,gerund,,,,hvalitvA,hval,,,,,gerund
hvAyayitvA,hU,gerund,caus,,,hvAyayitvA,hU,,,,,gerund
